video_id,label,pred_label,score_spoof,original_video_id_x,label_name,subject_id_x,device_id_x,condition_x,attack_type_x,domain_x,source_dataset_x,split_x,pred_label_name,decision_correct,original_video_id_y,subject_id_y,device_id_y,condition_y,take,attack_type_y,domain_y,source_dataset_y,split_y,ear_mean,ear_std,ear_min,ear_max,blink_count,motion_mean,motion_std,motion_max,skipped_rate,rppg_dominant_freq,rppg_hr_estimate,rppg_snr,rppg_signal_std,rppg_skipped_rate,rppg_valid,case
AXON__axon_02725bc3673bd4,1,1,0.9994168281555176,axon_02725bc3673bd4,SPOOF,axon_subject_3e6903f7,axon_camera,unknown,on_actor,AXON,AXON,test,SPOOF,True,axon_02725bc3673bd4,axon_subject_3e6903f7,axon_camera,unknown,unknown,on_actor,AXON,AXON,test,-0.1105740938034138,-0.6321127657730602,0.3075924306926157,-0.3583589895671873,-0.3850193437007398,-0.1754097070802084,-0.6693576253955441,-0.4760761444583502,-0.1573961191812276,-0.0476003259973963,-0.047600325237712,-0.4870131431417199,-0.2371569351105713,-0.1573961191812276,0.5172821910784443,SPOOF_TO_SPOOF
AXON__axon_064213282232eb,1,1,0.9998598098754884,axon_064213282232eb,SPOOF,axon_subject_26fb67f1,axon_camera,unknown,cylinder_attack,AXON,AXON,test,SPOOF,True,axon_064213282232eb,axon_subject_26fb67f1,axon_camera,unknown,unknown,cylinder_attack,AXON,AXON,test,0.8231450877057639,-0.696078735904798,0.9629013856645818,0.4206259895754935,-0.3850193437007398,-0.2689888397453923,-0.7252017606232899,-0.5887942752040207,-0.1573961191812276,-0.0476003259973963,-0.047600325237712,-0.2322465351140877,-0.1144528754893292,-0.1573961191812276,0.5172821910784443,SPOOF_TO_SPOOF
AXON__axon_077092df82e439,1,1,0.9970697164535522,axon_077092df82e439,SPOOF,axon_subject_03236b20,axon_camera,unknown,mobile_video_replay,AXON,AXON,test,SPOOF,True,axon_077092df82e439,axon_subject_03236b20,axon_camera,unknown,unknown,mobile_video_replay,AXON,AXON,test,-0.2038648827920207,-0.6884946451586169,0.2996675337766854,-0.4612545966609788,-0.3850193437007398,-1.1312022348148785,-0.7723290340858114,-1.073417013590068,-0.1573961191812276,1.470667835374043,1.4706678404416034,0.0442133198461349,-0.3800049918914175,-0.1573961191812276,0.5172821910784443,SPOOF_TO_SPOOF
AXON__axon_0870c3ac624182,1,1,0.9965973496437072,axon_0870c3ac624182,SPOOF,axon_subject_639b9d4e,axon_camera,unknown,on_actor,AXON,AXON,test,SPOOF,True,axon_0870c3ac624182,axon_subject_639b9d4e,axon_camera,unknown,unknown,on_actor,AXON,AXON,test,-0.49129842127663,-0.505178092809161,-0.0524351421552191,-0.7078199119974143,-0.3850193437007398,-0.3354804707965977,-0.4773695393191887,-0.4587999420625155,-0.1573961191812276,-0.0476003259973963,-0.047600325237712,0.6572951695715942,-0.0730027274878362,-0.1573961191812276,0.5172821910784443,SPOOF_TO_SPOOF
AXON__axon_0a4de7a078bfef,1,1,0.999881148338318,axon_0a4de7a078bfef,SPOOF,axon_subject_582eda0f,axon_camera,unknown,cylinder_attack,AXON,AXON,test,SPOOF,True,axon_0a4de7a078bfef,axon_subject_582eda0f,axon_camera,unknown,unknown,cylinder_attack,AXON,AXON,test,0.5887050516340723,-0.51906826783252,0.7349309130757352,0.3753506119495305,-0.3850193437007398,-0.500121775907733,-0.7194168606073207,-0.6851475659256223,-0.1573961191812276,-0.0476003259973963,-0.047600325237712,-0.3832831511370403,-0.1137749525079964,-0.1573961191812276,0.5172821910784443,SPOOF_TO_SPOOF
AXON__axon_0ea3236731d33d,1,1,0.9997643828392028,axon_0ea3236731d33d,SPOOF,axon_subject_c4e81730,axon_camera,unknown,print_cut,AXON,AXON,test,SPOOF,True,axon_0ea3236731d33d,axon_subject_c4e81730,axon_camera,unknown,unknown,print_cut,AXON,AXON,test,-0.4772624121109241,-0.5929468496455799,0.0149375227399939,-0.7157735492798967,-0.3850193437007398,-0.4778723552749525,-0.7101286575646457,-0.6662437655235254,-0.1573961191812276,-0.0476003259973963,-0.047600325237712,-0.2391800037478482,-0.2206930912782026,-0.1573961191812276,0.5172821910784443,SPOOF_TO_SPOOF
AXON__axon_1499e171644171,1,1,0.9982460737228394,axon_1499e171644171,SPOOF,axon_subject_6e4a7d06,axon_camera,unknown,mobile_image_replay,AXON,AXON,test,SPOOF,True,axon_1499e171644171,axon_subject_6e4a7d06,axon_camera,unknown,unknown,mobile_image_replay,AXON,AXON,test,1.4070470535146036,-0.3451371802154411,1.1619048516978212,1.2011395495848471,-0.3850193437007398,0.7624890998560131,0.6533504532146551,1.2043424139578334,-0.1573961191812276,-0.0476003259973963,-0.047600325237712,0.4119243183343797,-0.1892180957163212,-0.1573961191812276,0.5172821910784443,SPOOF_TO_SPOOF
AXON__axon_1e5e3987ccce67,1,1,0.965825080871582,axon_1e5e3987ccce67,SPOOF,axon_subject_c9d0412f,axon_camera,unknown,cylinder_attack,AXON,AXON,test,SPOOF,True,axon_1e5e3987ccce67,axon_subject_c9d0412f,axon_camera,unknown,unknown,cylinder_attack,AXON,AXON,test,0.4761037511196941,-0.4330209956145666,0.4854617154586485,0.421605284685321,-0.3850193437007398,-0.5804819957811089,-0.7144833203267138,-0.7352722529207962,-0.1573961191812276,-0.0476003259973963,-0.047600325237712,-0.1828612655697981,-0.0273881954581558,-0.1573961191812276,0.5172821910784443,SPOOF_TO_SPOOF
AXON__axon_1fb5fc671f6c5a,1,1,0.9974831938743592,axon_1fb5fc671f6c5a,SPOOF,axon_subject_08328455,axon_camera,unknown,mobile_video_replay,AXON,AXON,test,SPOOF,True,axon_1fb5fc671f6c5a,axon_subject_08328455,axon_camera,unknown,unknown,mobile_video_replay,AXON,AXON,test,-0.1530512423868985,-0.439127030659336,0.2385735176116692,-0.2682295410980045,-0.3850193437007398,0.5621605703036145,-0.3587388493181851,0.0868087420693205,-0.1573961191812276,-0.0476003259973963,-0.047600325237712,-0.2254595482120265,-0.0300030412432968,-0.1573961191812276,0.5172821910784443,SPOOF_TO_SPOOF
AXON__axon_2377edc16cc13e,1,1,0.9944942593574524,axon_2377edc16cc13e,SPOOF,axon_subject_efb433c1,axon_camera,unknown,3d_attack,AXON,AXON,test,SPOOF,True,axon_2377edc16cc13e,axon_subject_efb433c1,axon_camera,unknown,unknown,3d_attack,AXON,AXON,test,-0.0450216199751853,-0.7084032021987158,0.3921287814865342,-0.3842327547193084,-0.3850193437007398,-0.766116563664418,-0.6339357186654315,-0.7579222919169182,-0.1573961191812276,-0.0476003259973963,-0.047600325237712,-0.587869303076873,-0.3642190710403816,-0.1573961191812276,0.5172821910784443,SPOOF_TO_SPOOF
AXON__axon_26d6bb3221bdb1,1,1,0.9991768002510072,axon_26d6bb3221bdb1,SPOOF,axon_subject_eca3c32d,axon_camera,unknown,silicone_mask,AXON,AXON,test,SPOOF,True,axon_26d6bb3221bdb1,axon_subject_eca3c32d,axon_camera,unknown,unknown,silicone_mask,AXON,AXON,test,-0.620270546344094,1.5377787721347684,-1.2807967840487788,-0.0974073017940136,2.64491549150943,-0.9658230746972444,-0.7640152434650062,-0.980235217057712,-0.1573961191812276,1.470667835374043,1.4706678404416034,-0.2869051469995473,-0.1406013333407383,-0.1573961191812276,0.5172821910784443,SPOOF_TO_SPOOF
AXON__axon_26d9d63f5ba7a8,1,1,0.998754620552063,axon_26d9d63f5ba7a8,SPOOF,axon_subject_1708fb2b,axon_camera,unknown,3d_attack,AXON,AXON,test,SPOOF,True,axon_26d9d63f5ba7a8,axon_subject_1708fb2b,axon_camera,unknown,unknown,3d_attack,AXON,AXON,test,-0.4808927484326144,-0.5800256427283812,-0.0337165311484928,-0.7056929014478415,-0.3850193437007398,-0.1578447635639167,-0.7527949366135055,-0.5232044857259698,-0.1573961191812276,-0.0476003259973963,-0.047600325237712,-0.6228784369529733,0.9716765867460536,-0.1573961191812276,0.5172821910784443,SPOOF_TO_SPOOF
AXON__axon_31702f36e0617f,1,1,0.999743402004242,axon_31702f36e0617f,SPOOF,axon_subject_89e43ba5,axon_camera,unknown,latex_mask,AXON,AXON,test,SPOOF,True,axon_31702f36e0617f,axon_subject_89e43ba5,axon_camera,unknown,unknown,latex_mask,AXON,AXON,test,0.0375923277551332,-0.2485721031706409,0.0779738385434922,-0.0171250675081243,-0.3850193437007398,0.2531240293050291,-0.4479328745822522,-0.1452178854123736,-0.1573961191812276,-0.0476003259973963,-0.047600325237712,0.0336038572787811,-0.1381801798359782,-0.1573961191812276,0.5172821910784443,SPOOF_TO_SPOOF
AXON__axon_3aacb1cbe6810f,1,1,0.7522978186607361,axon_3aacb1cbe6810f,SPOOF,axon_subject_65201afe,axon_camera,unknown,pc_video_replay,AXON,AXON,test,SPOOF,True,axon_3aacb1cbe6810f,axon_subject_65201afe,axon_camera,unknown,unknown,pc_video_replay,AXON,AXON,test,0.6647672384326085,-0.030016203633921,0.4377536414017954,0.8113944295186295,-0.3850193437007398,0.874029306520724,-0.3282828865643789,0.2870955651282542,-0.1573961191812276,-0.0476003259973963,-0.047600325237712,-0.0767108373318037,2.425724535564782,-0.1573961191812276,0.5172821910784443,SPOOF_TO_SPOOF
AXON__axon_3c164830a739b0,1,1,0.9998879432678224,axon_3c164830a739b0,SPOOF,axon_subject_cf9d403f,axon_camera,unknown,cylinder_attack,AXON,AXON,test,SPOOF,True,axon_3c164830a739b0,axon_subject_cf9d403f,axon_camera,unknown,unknown,cylinder_attack,AXON,AXON,test,-0.2637300141845768,-0.4958531734563832,0.0792372034976682,-0.424148884825782,-0.3850193437007398,-0.2127163834580802,-0.5293830481626502,-0.4428319895786017,-0.1573961191812276,-0.0476003259973963,-0.047600325237712,0.0115478936772213,-0.0654487285529847,-0.1573961191812276,0.5172821910784443,SPOOF_TO_SPOOF
AXON__axon_3c308111a0e35b,1,1,0.9995692372322084,axon_3c308111a0e35b,SPOOF,axon_subject_509f745c,axon_camera,unknown,on_actor,AXON,AXON,test,SPOOF,True,axon_3c308111a0e35b,axon_subject_509f745c,axon_camera,unknown,unknown,on_actor,AXON,AXON,test,0.5134679915818225,-0.6050484784092327,0.737468871231347,0.2663969921376533,-0.3850193437007398,-0.4632192738309758,-0.7013540857487084,-0.6909442785616395,-0.1573961191812276,-0.0476003259973963,-0.047600325237712,-0.4372163296845611,-0.3049492332438542,-0.1573961191812276,0.5172821910784443,SPOOF_TO_SPOOF
AXON__axon_3c6b99caf06a01,1,1,0.998507797718048,axon_3c6b99caf06a01,SPOOF,axon_subject_47ebac1d,axon_camera,unknown,3d_attack,AXON,AXON,test,SPOOF,True,axon_3c6b99caf06a01,axon_subject_47ebac1d,axon_camera,unknown,unknown,3d_attack,AXON,AXON,test,0.770493036132859,-0.7176056251415699,0.9564200670713464,0.3974612833471604,-0.3850193437007398,0.3225764464715415,-0.4339313522130241,-0.0666368304330672,-0.1573961191812276,-0.0476003259973963,-0.047600325237712,-0.1189254773433914,1.2287062428113864,-0.1573961191812276,0.5172821910784443,SPOOF_TO_SPOOF
AXON__axon_3e45daf91bd9ac,0,1,0.5025945901870728,axon_3e45daf91bd9ac,REAL,axon_subject_9a0f6432,axon_camera,unknown,real_video,AXON,AXON,test,SPOOF,False,axon_3e45daf91bd9ac,axon_subject_9a0f6432,axon_camera,unknown,unknown,real_video,AXON,AXON,test,-0.1072531108359652,-0.5320022280046465,0.2596455692440387,-0.3038225414593172,-0.3850193437007398,-0.7831866470972022,-0.7723793631163138,-0.8773953621705896,-0.1573961191812276,-0.0476003259973963,-0.047600325237712,-0.1492681217667898,-0.1530944854253005,-0.1573961191812276,0.5172821910784443,REAL_TO_SPOOF
AXON__axon_4282fff5ee43c5,1,1,0.9998899698257446,axon_4282fff5ee43c5,SPOOF,axon_subject_80603354,axon_camera,unknown,print_cut,AXON,AXON,test,SPOOF,True,axon_4282fff5ee43c5,axon_subject_80603354,axon_camera,unknown,unknown,print_cut,AXON,AXON,test,-1.300590592384509,-0.5277624875299173,-0.5423347983452953,-1.384517952047132,-0.3850193437007398,-0.2155218026801017,-0.6752573674489944,-0.5265360647875491,-0.1573961191812276,-0.0476003259973963,-0.047600325237712,-0.3488459935466225,-0.2700846227753087,-0.1573961191812276,0.5172821910784443,SPOOF_TO_SPOOF
AXON__axon_45235ab8a33964,1,1,0.998407542705536,axon_45235ab8a33964,SPOOF,axon_subject_2bd55050,axon_camera,unknown,3d_attack,AXON,AXON,test,SPOOF,True,axon_45235ab8a33964,axon_subject_2bd55050,axon_camera,unknown,unknown,3d_attack,AXON,AXON,test,-0.9856959946079918,-0.6893598185257662,-0.2780396359089826,-1.2698795062056505,-0.3850193437007398,0.2688751469841765,-0.6052304332801789,-0.1863339982059615,-0.1573961191812276,-0.0476003259973963,-0.047600325237712,-0.2139293433311351,-0.0898539558809665,-0.1573961191812276,0.5172821910784443,SPOOF_TO_SPOOF
AXON__axon_4e4b5f425a1567,1,1,0.9982683658599854,axon_4e4b5f425a1567,SPOOF,axon_subject_cf605408,axon_camera,unknown,cylinder_attack,AXON,AXON,test,SPOOF,True,axon_4e4b5f425a1567,axon_subject_cf605408,axon_camera,unknown,unknown,cylinder_attack,AXON,AXON,test,-0.5819536192999853,-0.4708461071287054,-0.0881463954273941,-0.6801344764879073,-0.3850193437007398,0.1115970205326307,-0.5461012141657415,-0.2574812479169706,-0.1573961191812276,-0.0476003259973963,-0.047600325237712,-0.073683548210021,0.878316907602504,-0.1573961191812276,0.5172821910784443,SPOOF_TO_SPOOF
AXON__axon_4f6990492a8bf9,1,1,0.9980337023735046,axon_4f6990492a8bf9,SPOOF,axon_subject_5c75d373,axon_camera,unknown,latex_mask,AXON,AXON,test,SPOOF,True,axon_4f6990492a8bf9,axon_subject_5c75d373,axon_camera,unknown,unknown,latex_mask,AXON,AXON,test,0.1822905606356265,1.2424638797245546,-0.5029129836286821,1.3761333915286622,-0.3850193437007398,0.2207518495336211,-0.6803986681941285,-0.2784433128234333,-0.1573961191812276,-0.0476003259973963,-0.047600325237712,-0.3852711174958146,-0.1992900942961233,-0.1573961191812276,0.5172821910784443,SPOOF_TO_SPOOF
AXON__axon_502dafedde95da,1,1,0.9998151659965516,axon_502dafedde95da,SPOOF,axon_subject_1e032dac,axon_camera,unknown,print_cut,AXON,AXON,test,SPOOF,True,axon_502dafedde95da,axon_subject_1e032dac,axon_camera,unknown,unknown,print_cut,AXON,AXON,test,0.3936497374133037,-0.6809250577490618,0.6800569716177106,0.0423273089529463,-0.3850193437007398,0.0625518795152476,-0.5659790991132285,-0.2704256489180082,-0.1573961191812276,1.470667835374043,1.4706678404416034,-0.5083087968025556,-0.3961782973032149,-0.1573961191812276,0.5172821910784443,SPOOF_TO_SPOOF
AXON__axon_526e2c080f7124,1,1,0.9997993111610411,axon_526e2c080f7124,SPOOF,axon_subject_e873edb8,axon_camera,unknown,on_actor,AXON,AXON,test,SPOOF,True,axon_526e2c080f7124,axon_subject_e873edb8,axon_camera,unknown,unknown,on_actor,AXON,AXON,test,-0.9701029806799268,0.9873466510744294,-1.504541225075238,-0.5926838839046246,2.64491549150943,-0.4331997455053408,-0.5437956596373401,-0.5613731866337887,-0.1573961191812276,-0.0476003259973963,-0.047600325237712,0.1279171665313715,-0.2068440932309748,-0.1573961191812276,0.5172821910784443,SPOOF_TO_SPOOF
AXON__axon_562f7f3b30c5db,1,1,0.9992623925209044,axon_562f7f3b30c5db,SPOOF,axon_subject_a1ffacf6,axon_camera,unknown,on_actor,AXON,AXON,test,SPOOF,True,axon_562f7f3b30c5db,axon_subject_a1ffacf6,axon_camera,unknown,unknown,on_actor,AXON,AXON,test,2.568355118098137,-0.4676125519230574,2.018084904497232,2.1933252135997123,-0.3850193437007398,-0.1993660699426958,-0.6926993230382422,-0.4935160682900106,-0.1573961191812276,-0.0476003259973963,-0.047600325237712,-0.4970157528206057,-0.1875717113330844,-0.1573961191812276,0.5172821910784443,SPOOF_TO_SPOOF
AXON__axon_5986e66896e9ec,0,1,0.938509166240692,axon_5986e66896e9ec,REAL,axon_subject_b8bb9b09,axon_camera,unknown,real_video,AXON,AXON,test,SPOOF,False,axon_5986e66896e9ec,axon_subject_b8bb9b09,axon_camera,unknown,unknown,real_video,AXON,AXON,test,0.0531673560230679,1.6205708923942033,-0.3061931559506211,1.8812280086164717,-0.3850193437007398,-0.6737318828596707,-0.4763457880689487,-0.6251232097318653,-0.1573961191812276,-0.0476003259973963,-0.047600325237712,-0.4042509647316921,-0.0154761202147361,-0.1573961191812276,0.5172821910784443,REAL_TO_SPOOF
AXON__axon_5de913e7a3940e,1,1,0.9996814727783204,axon_5de913e7a3940e,SPOOF,axon_subject_d79116aa,axon_camera,unknown,3d_attack,AXON,AXON,test,SPOOF,True,axon_5de913e7a3940e,axon_subject_d79116aa,axon_camera,unknown,unknown,3d_attack,AXON,AXON,test,0.0514484803195358,-0.6085134726105128,0.3467277379666509,-0.2566561465120252,-0.3850193437007398,-0.1096669224167822,-0.6808917567409699,-0.4491250398760156,-0.1573961191812276,-0.0476003259973963,-0.047600325237712,-0.1116013907584332,-0.3544376108811508,-0.1573961191812276,0.5172821910784443,SPOOF_TO_SPOOF
AXON__axon_64df6d0525dd27,1,1,0.9987063407897948,axon_64df6d0525dd27,SPOOF,axon_subject_3e4f467e,axon_camera,unknown,mobile_image_replay,AXON,AXON,test,SPOOF,True,axon_64df6d0525dd27,axon_subject_3e4f467e,axon_camera,unknown,unknown,mobile_image_replay,AXON,AXON,test,1.70803956611777,-0.0166576438532041,1.084831542582549,1.6770339720256795,-0.3850193437007398,-0.3870087273743993,-0.5907339811233898,-0.5805829452730208,-0.1573961191812276,1.470667835374043,1.4706678404416034,0.0934311816970541,-0.2315398589795279,-0.1573961191812276,0.5172821910784443,SPOOF_TO_SPOOF
AXON__axon_676d9d6e8bb803,1,1,0.999852180480957,axon_676d9d6e8bb803,SPOOF,axon_subject_b3cea2a2,axon_camera,unknown,silicone_mask,AXON,AXON,test,SPOOF,True,axon_676d9d6e8bb803,axon_subject_b3cea2a2,axon_camera,unknown,unknown,silicone_mask,AXON,AXON,test,-0.8483519598035567,1.415719435806156,-1.7266444706272304,-0.3354461459598868,2.64491549150943,-0.4270812650206121,-0.7303698235881951,-0.6804235025777039,-0.1573961191812276,1.470667835374043,1.4706678404416034,-0.1973769076491295,-0.3074672328888048,-0.1573961191812276,0.5172821910784443,SPOOF_TO_SPOOF
AXON__axon_72a90f86ddb0f0,1,1,0.9997027516365052,axon_72a90f86ddb0f0,SPOOF,axon_subject_1ce361aa,axon_camera,unknown,print_cut,AXON,AXON,test,SPOOF,True,axon_72a90f86ddb0f0,axon_subject_1ce361aa,axon_camera,unknown,unknown,print_cut,AXON,AXON,test,-0.6173579762128354,-0.6707164029924004,-0.0082098832608856,-0.8686065520682338,-0.3850193437007398,-0.3281071547226947,-0.7295319627164861,-0.6222522417581393,-0.1573961191812276,1.470667835374043,1.4706678404416034,-0.4821652953545333,-0.345624612123824,-0.1573961191812276,0.5172821910784443,SPOOF_TO_SPOOF
AXON__axon_72b6e905ac8664,1,1,0.9977344274520874,axon_72b6e905ac8664,SPOOF,axon_subject_d49c6d7f,axon_camera,unknown,wrapped_3d_paper,AXON,AXON,test,SPOOF,True,axon_72b6e905ac8664,axon_subject_d49c6d7f,axon_camera,unknown,unknown,wrapped_3d_paper,AXON,AXON,test,1.5428227387556743,-0.5590171407231183,1.371106186167273,1.1723391612529648,-0.3850193437007398,-0.2110700453356834,-0.7644208998398546,-0.559685942899977,-0.1573961191812276,-0.0476003259973963,-0.047600325237712,-0.392260388694032,-0.0688383434596488,-0.1573961191812276,0.5172821910784443,SPOOF_TO_SPOOF
AXON__axon_7545f494fa0540,1,1,0.9993937015533448,axon_7545f494fa0540,SPOOF,axon_subject_cfe5da30,axon_camera,unknown,on_actor,AXON,AXON,test,SPOOF,True,axon_7545f494fa0540,axon_subject_cfe5da30,axon_camera,unknown,unknown,on_actor,AXON,AXON,test,-0.2836481643202896,-0.4010939945451473,0.0758309275539693,-0.3838662229374807,-0.3850193437007398,0.1940995955994141,-0.6860991494640515,-0.3098245125250476,-0.1573961191812276,1.470667835374043,1.4706678404416034,-0.622515720284004,0.3160282176570173,-0.1573961191812276,0.5172821910784443,SPOOF_TO_SPOOF
AXON__axon_7d47172babc3ff,1,1,0.9991722106933594,axon_7d47172babc3ff,SPOOF,axon_subject_0ea05807,axon_camera,unknown,cylinder_attack,AXON,AXON,test,SPOOF,True,axon_7d47172babc3ff,axon_subject_0ea05807,axon_camera,unknown,unknown,cylinder_attack,AXON,AXON,test,0.650203280966462,-0.4732725767852698,0.6900096899887516,0.4537193046146488,-0.3850193437007398,-0.6620010763755377,-0.667889246626025,-0.6984533713452217,-0.1573961191812276,-0.0476003259973963,-0.047600325237712,-0.4357933642909121,0.2516255344303985,-0.1573961191812276,0.5172821910784443,SPOOF_TO_SPOOF
AXON__axon_7f91856af31817,1,1,0.9998300075531006,axon_7f91856af31817,SPOOF,axon_subject_deee189e,axon_camera,unknown,on_actor,AXON,AXON,test,SPOOF,True,axon_7f91856af31817,axon_subject_deee189e,axon_camera,unknown,unknown,on_actor,AXON,AXON,test,0.3431570718658918,-0.6841838401962093,0.6412315639680447,0.0442290765080999,-0.3850193437007398,-0.7126038531400731,-0.601519712345358,-0.7961175290871979,-0.1573961191812276,-0.0476003259973963,-0.047600325237712,-0.275786486031525,-0.165200252949101,-0.1573961191812276,0.5172821910784443,SPOOF_TO_SPOOF
AXON__axon_819389f7b20f18,1,1,0.8710706233978271,axon_819389f7b20f18,SPOOF,axon_subject_e3096b31,axon_camera,unknown,mobile_video_replay,AXON,AXON,test,SPOOF,True,axon_819389f7b20f18,axon_subject_e3096b31,axon_camera,unknown,unknown,mobile_video_replay,AXON,AXON,test,-0.1576998437744287,-0.4981599300776394,0.1672681591137292,-0.2989552451162754,-0.3850193437007398,0.4723148710272969,-0.221484844413017,0.2202217492072256,-0.1573961191812276,-0.0476003259973963,-0.047600325237712,-0.0135562850077926,-0.3437845354602063,-0.1573961191812276,0.5172821910784443,SPOOF_TO_SPOOF
AXON__axon_81aa0fb44173fa,1,1,0.9996392726898192,axon_81aa0fb44173fa,SPOOF,axon_subject_de07021a,axon_camera,unknown,3d_attack,AXON,AXON,test,SPOOF,True,axon_81aa0fb44173fa,axon_subject_de07021a,axon_camera,unknown,unknown,3d_attack,AXON,AXON,test,0.3242129144018519,-0.6676776281561759,0.6339343260739342,-0.0050837817928286,-0.3850193437007398,-0.0618122664455391,-0.6949670036732236,-0.4423555541140508,-0.1573961191812276,1.470667835374043,1.4706678404416034,-0.3369600473173189,-0.3205414618145093,-0.1573961191812276,0.5172821910784443,SPOOF_TO_SPOOF
AXON__axon_81f7f216914cbb,1,1,0.9950073957443236,axon_81f7f216914cbb,SPOOF,axon_subject_1990e6de,axon_camera,unknown,latex_mask,AXON,AXON,test,SPOOF,True,axon_81f7f216914cbb,axon_subject_1990e6de,axon_camera,unknown,unknown,latex_mask,AXON,AXON,test,-0.2907959423585445,1.1333418920241225,-0.699529324294499,0.5874926547479443,-0.3850193437007398,0.738169663296096,-0.6808245407497927,0.0257932321274529,-0.1573961191812276,-0.0476003259973963,-0.047600325237712,0.0988789070521515,-0.3187013851508917,-0.1573961191812276,0.5172821910784443,SPOOF_TO_SPOOF
AXON__axon_831c43345b99b4,1,1,0.9998317956924438,axon_831c43345b99b4,SPOOF,axon_subject_4f816246,axon_camera,unknown,on_actor,AXON,AXON,test,SPOOF,True,axon_831c43345b99b4,axon_subject_4f816246,axon_camera,unknown,unknown,on_actor,AXON,AXON,test,0.87468368856537,-0.3641791861645008,0.772782831687981,0.6946125918188899,-0.3850193437007398,-0.5095025203943143,-0.5644232292948336,-0.5432078368565507,-0.1573961191812276,-0.0476003259973963,-0.047600325237712,-0.0137446186628343,-0.0617685752257493,-0.1573961191812276,0.5172821910784443,SPOOF_TO_SPOOF
AXON__axon_84d6d920d9eeee,1,1,0.9698778986930848,axon_84d6d920d9eeee,SPOOF,axon_subject_4099e005,axon_camera,unknown,on_actor,AXON,AXON,test,SPOOF,True,axon_84d6d920d9eeee,axon_subject_4099e005,axon_camera,unknown,unknown,on_actor,AXON,AXON,test,0.7547973655908193,-0.5505382555461527,0.8081237399380385,0.4952694702624547,-0.3850193437007398,0.332091181129921,-0.6352937407455019,-0.2136737738251666,-0.1573961191812276,-0.0476003259973963,-0.047600325237712,0.4351033085456332,-0.0816220339647822,-0.1573961191812276,0.5172821910784443,SPOOF_TO_SPOOF
AXON__axon_86afd263836f5d,1,1,0.9961167573928832,axon_86afd263836f5d,SPOOF,axon_subject_a8645ef0,axon_camera,unknown,mobile_image_replay,AXON,AXON,test,SPOOF,True,axon_86afd263836f5d,axon_subject_a8645ef0,axon_camera,unknown,unknown,mobile_image_replay,AXON,AXON,test,1.9854160768624285,-0.3481760295232272,1.4908921221335365,1.630535627323199,-0.3850193437007398,1.2800199678259427,1.1281737208320366,1.4422346509771635,1.8301874323398568,0.3027693244492144,0.3027690023058156,-0.2085304452199373,0.2892018368242754,1.8301874323398568,0.5172821910784443,SPOOF_TO_SPOOF
AXON__axon_86b6412c48ec7e,1,1,0.9989987015724182,axon_86b6412c48ec7e,SPOOF,axon_subject_643e4cf6,axon_camera,unknown,3d_attack,AXON,AXON,test,SPOOF,True,axon_86b6412c48ec7e,axon_subject_643e4cf6,axon_camera,unknown,unknown,3d_attack,AXON,AXON,test,0.2762886011210506,-0.7222902959612126,0.6330158554480869,-0.0827649714090716,-0.3850193437007398,-0.7468756411077906,-0.613738249994325,-0.7120878977592054,-0.1573961191812276,-0.0476003259973963,-0.047600325237712,-0.1318716722973747,0.1509055486323781,-0.1573961191812276,0.5172821910784443,SPOOF_TO_SPOOF
AXON__axon_8910b37ca9b994,1,1,0.9996685981750488,axon_8910b37ca9b994,SPOOF,axon_subject_38e98085,axon_camera,unknown,on_actor,AXON,AXON,test,SPOOF,True,axon_8910b37ca9b994,axon_subject_38e98085,axon_camera,unknown,unknown,on_actor,AXON,AXON,test,0.9678034754315072,-0.6230119872028757,0.9401013067789372,0.5744126916788377,-0.3850193437007398,-0.5056725611908962,-0.3745565201504149,-0.5095647859580661,-0.1573961191812276,1.470667835374043,1.4706678404416034,-0.4619717423417199,-0.3088230788514703,-0.1573961191812276,0.5172821910784443,SPOOF_TO_SPOOF
AXON__axon_8a248248a43c6d,1,1,0.9997108578681946,axon_8a248248a43c6d,SPOOF,axon_subject_15c6be9d,axon_camera,unknown,pc_video_replay,AXON,AXON,test,SPOOF,True,axon_8a248248a43c6d,axon_subject_15c6be9d,axon_camera,unknown,unknown,pc_video_replay,AXON,AXON,test,1.0310515711433457,-0.6839951106411676,1.068575660474794,0.6155983732084018,-0.3850193437007398,-0.3938222818753302,-0.5133529281249886,-0.4405113447360038,-0.1573961191812276,-0.0476003259973963,-0.047600325237712,0.1015992820694217,0.1799593906894994,-0.1573961191812276,0.5172821910784443,SPOOF_TO_SPOOF
AXON__axon_8f82951c237475,1,1,0.9996168613433838,axon_8f82951c237475,SPOOF,axon_subject_1dc20887,axon_camera,unknown,print_cut,AXON,AXON,test,SPOOF,True,axon_8f82951c237475,axon_subject_1dc20887,axon_camera,unknown,unknown,print_cut,AXON,AXON,test,-0.7123925441266932,-0.6667211898902585,-0.10788471842276,-0.995351040985907,-0.3850193437007398,-0.33609003792685,-0.6994157838097824,-0.5638737424668325,-0.1573961191812276,1.470667835374043,1.4706678404416034,-0.6237782533048396,-0.3249963842632679,-0.1573961191812276,0.5172821910784443,SPOOF_TO_SPOOF
AXON__axon_902a5d2c1c8734,1,1,0.9996256828308104,axon_902a5d2c1c8734,SPOOF,axon_subject_01977031,axon_camera,unknown,silicone_mask,AXON,AXON,test,SPOOF,True,axon_902a5d2c1c8734,axon_subject_01977031,axon_camera,unknown,unknown,silicone_mask,AXON,AXON,test,0.508359510699883,-0.3994759136899949,0.5975211202105707,0.2896891654241918,-0.3850193437007398,-0.9058131080174836,-0.7689353758735087,-0.9389310680648736,-0.1573961191812276,-0.0476003259973963,-0.047600325237712,-0.5328968017663439,-0.1127096449659019,-0.1573961191812276,0.5172821910784443,SPOOF_TO_SPOOF
AXON__axon_97a793f6d06a64,1,1,0.9991306662559508,axon_97a793f6d06a64,SPOOF,axon_subject_bcf8b4bb,axon_camera,unknown,mobile_image_replay,AXON,AXON,test,SPOOF,True,axon_97a793f6d06a64,axon_subject_bcf8b4bb,axon_camera,unknown,unknown,mobile_image_replay,AXON,AXON,test,0.4704612344831156,-0.4228043165471404,0.5282671624869868,0.2890421037311327,-0.3850193437007398,-0.8489164845195215,-0.571724241175505,-0.8160351851316666,-0.1573961191812276,-0.0476003259973963,-0.047600325237712,0.4286232357480845,-0.0050167370741724,-0.1573961191812276,0.5172821910784443,SPOOF_TO_SPOOF
AXON__axon_9b01bfeac51c0a,1,1,0.9966717958450316,axon_9b01bfeac51c0a,SPOOF,axon_subject_67381647,axon_camera,unknown,wrapped_3d_paper,AXON,AXON,test,SPOOF,True,axon_9b01bfeac51c0a,axon_subject_67381647,axon_camera,unknown,unknown,wrapped_3d_paper,AXON,AXON,test,0.5784261085183596,-0.5099423364923977,0.743014876827845,0.433649129980099,-0.3850193437007398,0.4720654024837519,-0.57558510886813,-0.0660019077495984,-0.1573961191812276,-0.0476003259973963,-0.047600325237712,0.3159718087508701,0.2188915390460419,-0.1573961191812276,0.5172821910784443,SPOOF_TO_SPOOF
AXON__axon_9f888ba3d6ce79,1,1,0.9997897744178772,axon_9f888ba3d6ce79,SPOOF,axon_subject_5da6c096,axon_camera,unknown,on_actor,AXON,AXON,test,SPOOF,True,axon_9f888ba3d6ce79,axon_subject_5da6c096,axon_camera,unknown,unknown,on_actor,AXON,AXON,test,0.5626197569909026,-0.4394229061736621,0.5887095660360288,0.3935154356176522,-0.3850193437007398,-0.6288464975787582,-0.7570434604119606,-0.8130484253246106,-0.1573961191812276,-0.0476003259973963,-0.047600325237712,-0.5174952939762604,-0.3024312335989037,-0.1573961191812276,0.5172821910784443,SPOOF_TO_SPOOF
AXON__axon_a26f43a52f9bfb,1,1,0.9997707009315492,axon_a26f43a52f9bfb,SPOOF,axon_subject_0144641d,axon_camera,unknown,mobile_image_replay,AXON,AXON,test,SPOOF,True,axon_a26f43a52f9bfb,axon_subject_0144641d,axon_camera,unknown,unknown,mobile_image_replay,AXON,AXON,test,-0.8670465316454804,-0.7043867460836211,-0.1764412148540592,-1.1193109633850715,-0.3850193437007398,0.0738872717465045,0.1892020998196131,0.2843290989037152,-0.1573961191812276,-0.0476003259973963,-0.047600325237712,-0.3159364311582102,0.1959390038209161,-0.1573961191812276,0.5172821910784443,SPOOF_TO_SPOOF
AXON__axon_a3f92d03d19cd6,1,1,0.9995741248130798,axon_a3f92d03d19cd6,SPOOF,axon_subject_7eec7dd7,axon_camera,unknown,on_actor,AXON,AXON,test,SPOOF,True,axon_a3f92d03d19cd6,axon_subject_7eec7dd7,axon_camera,unknown,unknown,on_actor,AXON,AXON,test,0.4868464475643057,-0.6215613556540311,0.7319662815242528,0.2563240230440441,-0.3850193437007398,-0.4037341387205189,-0.6829552309342088,-0.6069066741823114,-0.1573961191812276,-0.0476003259973963,-0.047600325237712,0.0129917850325416,-0.1653939452294818,-0.1573961191812276,0.5172821910784443,SPOOF_TO_SPOOF
AXON__axon_a594b8d2cef2cc,1,1,0.9997742772102356,axon_a594b8d2cef2cc,SPOOF,axon_subject_dd7628a1,axon_camera,unknown,3d_attack,AXON,AXON,test,SPOOF,True,axon_a594b8d2cef2cc,axon_subject_dd7628a1,axon_camera,unknown,unknown,3d_attack,AXON,AXON,test,0.128368444755057,-0.7271460745026285,0.4890139586167241,-0.2457026820765952,-0.3850193437007398,-0.5497214445070021,-0.6790757688512868,-0.6902660822942036,-0.1573961191812276,-0.0476003259973963,-0.047600325237712,-0.6215810273293522,-0.1238469510877984,-0.1573961191812276,0.5172821910784443,SPOOF_TO_SPOOF
AXON__axon_a5bedd6d659deb,1,1,0.9996408224105836,axon_a5bedd6d659deb,SPOOF,axon_subject_b2c6a4a8,axon_camera,unknown,on_actor,AXON,AXON,test,SPOOF,True,axon_a5bedd6d659deb,axon_subject_b2c6a4a8,axon_camera,unknown,unknown,on_actor,AXON,AXON,test,1.5449876588304388,-0.5175204881315394,1.3426216199689265,1.202649701479249,-0.3850193437007398,-0.2258046668513136,-0.6465471899299671,-0.478980465349114,-0.1573961191812276,-0.0476003259973963,-0.047600325237712,0.4739070168047976,-0.285967389766535,-0.1573961191812276,0.5172821910784443,SPOOF_TO_SPOOF
AXON__axon_a60eead41e8fd9,1,1,0.9998278617858888,axon_a60eead41e8fd9,SPOOF,axon_subject_cb7c670b,axon_camera,unknown,print_cut,AXON,AXON,test,SPOOF,True,axon_a60eead41e8fd9,axon_subject_cb7c670b,axon_camera,unknown,unknown,print_cut,AXON,AXON,test,0.465318995900624,-0.6679503243969472,0.6739761271767399,0.0588145842285407,-0.3850193437007398,-0.5061763466065711,-0.6740867023170986,-0.6524466740704747,-0.1573961191812276,-0.0476003259973963,-0.047600325237712,-0.2228228770414415,-0.0843337258901135,-0.1573961191812276,0.5172821910784443,SPOOF_TO_SPOOF
AXON__axon_a695f6c49d5886,1,1,0.9987190961837769,axon_a695f6c49d5886,SPOOF,axon_subject_cf332fc1,axon_camera,unknown,wrapped_3d_paper,AXON,AXON,test,SPOOF,True,axon_a695f6c49d5886,axon_subject_cf332fc1,axon_camera,unknown,unknown,wrapped_3d_paper,AXON,AXON,test,-0.370129859086019,-0.4435360449936331,0.0948268762680114,-0.4294400475310493,-0.3850193437007398,0.3993128162009965,-0.6609108693620275,-0.1730056126180752,-0.1573961191812276,-0.0476003259973963,-0.047600325237712,0.089029754425522,0.0071858765898183,-0.1573961191812276,0.5172821910784443,SPOOF_TO_SPOOF
AXON__axon_a6e4e08b7ad5b0,1,1,0.9997543692588806,axon_a6e4e08b7ad5b0,SPOOF,axon_subject_80af25f8,axon_camera,unknown,silicone_mask,AXON,AXON,test,SPOOF,True,axon_a6e4e08b7ad5b0,axon_subject_80af25f8,axon_camera,unknown,unknown,silicone_mask,AXON,AXON,test,-1.714582303644629,0.5941449975795204,-1.3489724557605185,-0.7008358434227276,5.674850326719601,0.0052342778500535,-0.4645364982847229,-0.326300305774957,-0.1573961191812276,-0.0476003259973963,-0.047600325237712,-0.0481399243299095,0.0028278002812501,-0.1573961191812276,0.5172821910784443,SPOOF_TO_SPOOF
AXON__axon_acc8df9a90c63f,1,1,0.9717977643013,axon_acc8df9a90c63f,SPOOF,axon_subject_a7f1e79b,axon_camera,unknown,print_cut,AXON,AXON,test,SPOOF,True,axon_acc8df9a90c63f,axon_subject_a7f1e79b,axon_camera,unknown,unknown,print_cut,AXON,AXON,test,-0.4553420429490107,-0.6346400699240613,0.0610004714358394,-0.6811736657576144,-0.3850193437007398,-0.233259192429012,-0.7198309577862845,-0.5454569068260888,-0.1573961191812276,-0.0476003259973963,-0.047600325237712,-0.1836355261516365,-0.3436876893200159,-0.1573961191812276,0.5172821910784443,SPOOF_TO_SPOOF
AXON__axon_ad6ed57f4fe709,1,1,0.9998136162757874,axon_ad6ed57f4fe709,SPOOF,axon_subject_aa647500,axon_camera,unknown,3d_attack,AXON,AXON,test,SPOOF,True,axon_ad6ed57f4fe709,axon_subject_aa647500,axon_camera,unknown,unknown,3d_attack,AXON,AXON,test,-0.3732676650226019,-0.6743390907254163,0.1486333856865423,-0.664440158935848,-0.3850193437007398,-0.2557160994873647,-0.6402794566497746,-0.5151335667066608,-0.1573961191812276,-0.0476003259973963,-0.047600325237712,-0.4813143062465667,-0.2382222426526657,-0.1573961191812276,0.5172821910784443,SPOOF_TO_SPOOF
AXON__axon_ae0abb29366f0e,1,1,0.999327540397644,axon_ae0abb29366f0e,SPOOF,axon_subject_e233c9e9,axon_camera,unknown,mobile_image_replay,AXON,AXON,test,SPOOF,True,axon_ae0abb29366f0e,axon_subject_e233c9e9,axon_camera,unknown,unknown,mobile_image_replay,AXON,AXON,test,-0.1203782154916859,-0.0834966895965566,-0.0051808764251142,-0.1693632240248359,-0.3850193437007398,0.2103304774298846,-0.1061743610359328,0.3512735158900066,3.155243133353913,0.6425213005282698,0.6425209793488699,2.816435894817275,-0.0559578068143251,3.155243133353913,0.5172821910784443,SPOOF_TO_SPOOF
AXON__axon_b0e37cef04e180,1,1,0.999566614627838,axon_b0e37cef04e180,SPOOF,axon_subject_27f1f232,axon_camera,unknown,pc_video_replay,AXON,AXON,test,SPOOF,True,axon_b0e37cef04e180,axon_subject_27f1f232,axon_camera,unknown,unknown,pc_video_replay,AXON,AXON,test,-0.995106645393105,-0.7376983596625064,-0.224185032164689,-1.2570944066928746,-0.3850193437007398,-0.4310010284921349,-0.4689494384565645,-0.4290910746628249,-0.1573961191812276,-0.0476003259973963,-0.047600325237712,-0.283773228069408,-0.345624612123824,-0.1573961191812276,0.5172821910784443,SPOOF_TO_SPOOF
AXON__axon_b0e4fd72acaa91,0,0,0.4713853597640991,axon_b0e4fd72acaa91,REAL,axon_subject_76ce11e2,axon_camera,unknown,real_video,AXON,AXON,test,REAL,True,axon_b0e4fd72acaa91,axon_subject_76ce11e2,axon_camera,unknown,unknown,real_video,AXON,AXON,test,-1.038222423262448,0.1429412427865057,-0.5368046994324149,-0.3258077934623276,-0.3850193437007398,-0.616270704554795,-0.4612733487133555,-0.6080690355136849,-0.1573961191812276,1.470667835374043,1.4706678404416034,-0.5891806633416085,-0.1463152556119722,-0.1573961191812276,0.5172821910784443,REAL_TO_REAL
AXON__axon_bb01d5177e0073,1,1,0.9998526573181152,axon_bb01d5177e0073,SPOOF,axon_subject_19d70c37,axon_camera,unknown,print_cut,AXON,AXON,test,SPOOF,True,axon_bb01d5177e0073,axon_subject_19d70c37,axon_camera,unknown,unknown,print_cut,AXON,AXON,test,-0.1155143395875189,-0.5428067855795204,0.2197662034515908,-0.3296881159570959,-0.3850193437007398,-0.3512191370864251,-0.5046916247280107,-0.5012296607109064,-0.1573961191812276,-0.0476003259973963,-0.047600325237712,-0.5635882122175973,-0.3528880726381043,-0.1573961191812276,0.5172821910784443,SPOOF_TO_SPOOF
AXON__axon_bb90a941270043,1,1,0.9996289014816284,axon_bb90a941270043,SPOOF,axon_subject_790aca7f,axon_camera,unknown,on_actor,AXON,AXON,test,SPOOF,True,axon_bb90a941270043,axon_subject_790aca7f,axon_camera,unknown,unknown,on_actor,AXON,AXON,test,0.0169364888516134,-0.6808503069190832,0.3943976359828209,-0.3087359102330358,-0.3850193437007398,-0.4576757610406894,-0.7657254188901585,-0.7136776998503567,-0.1573961191812276,-0.0476003259973963,-0.047600325237712,0.1417143505933215,1.9262215728525287e-05,-0.1573961191812276,0.5172821910784443,SPOOF_TO_SPOOF
AXON__axon_c1d49b7a3affb6,0,0,0.145400196313858,axon_c1d49b7a3affb6,REAL,axon_subject_38bd2ed7,axon_camera,unknown,real_video,AXON,AXON,test,REAL,True,axon_c1d49b7a3affb6,axon_subject_38bd2ed7,axon_camera,unknown,unknown,real_video,AXON,AXON,test,-0.3188126201972477,-0.6542860030020987,0.1332959742046349,-0.64084441952274,-0.3850193437007398,-0.6913391941564365,-0.7202743970630054,-0.7840198539654181,-0.1573961191812276,-0.0476003259973963,-0.047600325237712,-0.3008069608698537,-0.3016564644773805,-0.1573961191812276,0.5172821910784443,REAL_TO_REAL
AXON__axon_c9afe1ee9ba832,1,1,0.9995946288108826,axon_c9afe1ee9ba832,SPOOF,axon_subject_e2fec976,axon_camera,unknown,on_actor,AXON,AXON,test,SPOOF,True,axon_c9afe1ee9ba832,axon_subject_e2fec976,axon_camera,unknown,unknown,on_actor,AXON,AXON,test,0.4816887136438554,-0.5114555613887855,0.6122222643477591,0.2208221437122919,-0.3850193437007398,-0.1802549503649976,-0.7620432532438332,-0.5622236251552712,-0.1573961191812276,-0.0476003259973963,-0.047600325237712,-0.4648944016551461,-0.2114927079601142,-0.1573961191812276,0.5172821910784443,SPOOF_TO_SPOOF
AXON__axon_ccb1178613f7f9,1,1,0.9997281432151794,axon_ccb1178613f7f9,SPOOF,axon_subject_5d70af68,axon_camera,unknown,3d_attack,AXON,AXON,test,SPOOF,True,axon_ccb1178613f7f9,axon_subject_5d70af68,axon_camera,unknown,unknown,3d_attack,AXON,AXON,test,0.3170750976522845,-0.6930597705039653,0.6381763578886671,-0.0360823369838845,-0.3850193437007398,-0.8125541854174682,-0.673416522809588,-0.8614168803898739,-0.1573961191812276,-0.0476003259973963,-0.047600325237712,-0.4329613841447283,-0.2692130075135951,-0.1573961191812276,0.5172821910784443,SPOOF_TO_SPOOF
AXON__axon_cce4497643df93,1,1,0.996987521648407,axon_cce4497643df93,SPOOF,axon_subject_921b9f3c,axon_camera,unknown,on_actor,AXON,AXON,test,SPOOF,True,axon_cce4497643df93,axon_subject_921b9f3c,axon_camera,unknown,unknown,on_actor,AXON,AXON,test,-0.0404029024537178,-0.6375872261215997,0.3561403776444979,-0.2989496140414149,-0.3850193437007398,-0.486896196664121,-0.7449920902925724,-0.6902568311201346,-0.1573961191812276,-0.0476003259973963,-0.047600325237712,-0.4281553882808843,-0.2606905471768395,-0.1573961191812276,0.5172821910784443,SPOOF_TO_SPOOF
AXON__axon_cdc17f8ac17276,1,1,0.9801504611968994,axon_cdc17f8ac17276,SPOOF,axon_subject_b58135ef,axon_camera,unknown,on_actor,AXON,AXON,test,SPOOF,True,axon_cdc17f8ac17276,axon_subject_b58135ef,axon_camera,unknown,unknown,on_actor,AXON,AXON,test,1.6275589943813713,-0.5700761303882755,1.4454985641118263,1.2751595167099845,-0.3850193437007398,-0.2932959351052754,-0.6411939109944689,-0.5562627041795302,-0.1573961191812276,-0.0476003259973963,-0.047600325237712,0.0066302926844636,0.0707169445547235,-0.1573961191812276,0.5172821910784443,SPOOF_TO_SPOOF
AXON__axon_cfbf577b4dbdef,1,1,0.999729573726654,axon_cfbf577b4dbdef,SPOOF,axon_subject_7eb69684,axon_camera,unknown,mobile_image_replay,AXON,AXON,test,SPOOF,True,axon_cfbf577b4dbdef,axon_subject_7eb69684,axon_camera,unknown,unknown,mobile_image_replay,AXON,AXON,test,1.095860268749569,0.450373179573628,0.3345716632083387,1.1248860934036844,-0.3850193437007398,0.3627892550788554,-0.2072758613161225,-0.0273638923467424,-0.1573961191812276,-0.0476003259973963,-0.047600325237712,0.1568228949200067,0.9659626644748198,-0.1573961191812276,0.5172821910784443,SPOOF_TO_SPOOF
AXON__axon_d1229cef6034e9,1,1,0.9997181296348572,axon_d1229cef6034e9,SPOOF,axon_subject_d54f41b4,axon_camera,unknown,print_cut,AXON,AXON,test,SPOOF,True,axon_d1229cef6034e9,axon_subject_d54f41b4,axon_camera,unknown,unknown,print_cut,AXON,AXON,test,-0.3795676267125594,-0.697317924072306,0.1271296079470355,-0.7046434738602062,-0.3850193437007398,-0.0995804155532547,-0.710594791203733,-0.4694937515193326,-0.1573961191812276,-0.0476003259973963,-0.047600325237712,-0.0714653962728622,-0.2858705436263446,-0.1573961191812276,0.5172821910784443,SPOOF_TO_SPOOF
AXON__axon_d2c381627be2bc,1,1,0.9997707009315492,axon_d2c381627be2bc,SPOOF,axon_subject_9c746dde,axon_camera,unknown,mobile_image_replay,AXON,AXON,test,SPOOF,True,axon_d2c381627be2bc,axon_subject_9c746dde,axon_camera,unknown,unknown,mobile_image_replay,AXON,AXON,test,-0.8670465316454804,-0.7043867460836211,-0.1764412148540592,-1.1193109633850715,-0.3850193437007398,0.0738872717465045,0.1892020998196131,0.2843290989037152,-0.1573961191812276,-0.0476003259973963,-0.047600325237712,-0.3159364311582102,0.1959390038209161,-0.1573961191812276,0.5172821910784443,SPOOF_TO_SPOOF
AXON__axon_d35a0bc98d943e,1,1,0.9981245398521424,axon_d35a0bc98d943e,SPOOF,axon_subject_e4519a2f,axon_camera,unknown,advanced_paper,AXON,AXON,test,SPOOF,True,axon_d35a0bc98d943e,axon_subject_e4519a2f,axon_camera,unknown,unknown,advanced_paper,AXON,AXON,test,1.3724979839165663,-0.6450524416375408,1.2273355912294612,0.9240282127097796,-0.3850193437007398,0.0733606771486239,-0.7451010660514805,-0.3773705601407573,-0.1573961191812276,-0.0476003259973963,-0.047600325237712,-0.0986691464455641,-0.184375788706801,-0.1573961191812276,0.5172821910784443,SPOOF_TO_SPOOF
AXON__axon_d4b2ae749d7217,1,1,0.9997860789299012,axon_d4b2ae749d7217,SPOOF,axon_subject_f6800e0b,axon_camera,unknown,on_actor,AXON,AXON,test,SPOOF,True,axon_d4b2ae749d7217,axon_subject_f6800e0b,axon_camera,unknown,unknown,on_actor,AXON,AXON,test,0.3887283073967193,-0.5381919318488988,0.5897713839518923,0.1667740633695946,-0.3850193437007398,-0.0300801762366104,-0.7159602308918955,-0.3947674538403996,-0.1573961191812276,-0.0476003259973963,-0.047600325237712,-0.0238030309061769,-0.2012270170999314,-0.1573961191812276,0.5172821910784443,SPOOF_TO_SPOOF
AXON__axon_d626629127afc4,1,1,0.998202919960022,axon_d626629127afc4,SPOOF,axon_subject_d6ae1409,axon_camera,unknown,silicone_mask,AXON,AXON,test,SPOOF,True,axon_d626629127afc4,axon_subject_d6ae1409,axon_camera,unknown,unknown,silicone_mask,AXON,AXON,test,-1.1739510690847164,1.391644716194211,-1.4562749199921212,-0.5086339486211764,4.66487204831621,-0.287555514060875,-0.4693993006660307,-0.3826871855329865,-0.1573961191812276,-0.0476003259973963,-0.047600325237712,-0.0773455915025001,-0.2379317042320945,-0.1573961191812276,0.5172821910784443,SPOOF_TO_SPOOF
AXON__axon_d68bfba41d220d,1,1,0.9998250603675842,axon_d68bfba41d220d,SPOOF,axon_subject_699e086e,axon_camera,unknown,on_actor,AXON,AXON,test,SPOOF,True,axon_d68bfba41d220d,axon_subject_699e086e,axon_camera,unknown,unknown,on_actor,AXON,AXON,test,0.2470760152349125,-0.5567159694689838,0.4521774478316682,-0.0281246043742309,-0.3850193437007398,-0.446421357934656,-0.72755957641446,-0.6228577676187439,-0.1573961191812276,-0.0476003259973963,-0.047600325237712,-0.4748272581284609,0.0642282531619664,-0.1573961191812276,0.5172821910784443,SPOOF_TO_SPOOF
AXON__axon_d8b5db127df97e,1,1,0.9995638728141784,axon_d8b5db127df97e,SPOOF,axon_subject_6d0108e1,axon_camera,unknown,on_actor,AXON,AXON,test,SPOOF,True,axon_d8b5db127df97e,axon_subject_6d0108e1,axon_camera,unknown,unknown,on_actor,AXON,AXON,test,0.8125186062958407,-0.5156237719285764,0.8550581877586951,0.5286556011943551,-0.3850193437007398,-0.4139905574630863,-0.7788046188220795,-0.6821378912038495,-0.1573961191812276,-0.0476003259973963,-0.047600325237712,0.157255364794547,-0.3483363040491553,-0.1573961191812276,0.5172821910784443,SPOOF_TO_SPOOF
AXON__axon_dabf34bcb27fad,1,1,0.9995986819267272,axon_dabf34bcb27fad,SPOOF,axon_subject_033285b9,axon_camera,unknown,advanced_paper,AXON,AXON,test,SPOOF,True,axon_dabf34bcb27fad,axon_subject_033285b9,axon_camera,unknown,unknown,advanced_paper,AXON,AXON,test,-0.4455257463523427,-0.67064202452023,0.0952305317569993,-0.7408727856807534,-0.3850193437007398,0.0825809860347629,-0.6834485656934711,-0.3706368618153224,-0.1573961191812276,-0.0476003259973963,-0.047600325237712,-0.5243311081222213,-0.2530397021017976,-0.1573961191812276,0.5172821910784443,SPOOF_TO_SPOOF
AXON__axon_daec06b6c2aa9b,1,1,0.9950537085533142,axon_daec06b6c2aa9b,SPOOF,axon_subject_bb3c2f30,axon_camera,unknown,on_actor,AXON,AXON,test,SPOOF,True,axon_daec06b6c2aa9b,axon_subject_bb3c2f30,axon_camera,unknown,unknown,on_actor,AXON,AXON,test,2.066599472856228,-0.6133267930528584,1.805567494337068,1.6406480139408317,-0.3850193437007398,-0.4538535150872927,-0.6029949315382501,-0.5951321815230715,-0.1573961191812276,-0.0476003259973963,-0.047600325237712,-0.5396558873861768,-0.1184235672371357,-0.1573961191812276,0.5172821910784443,SPOOF_TO_SPOOF
AXON__axon_de845200c77bd3,1,1,0.9986279010772704,axon_de845200c77bd3,SPOOF,axon_subject_f838c74d,axon_camera,unknown,on_actor,AXON,AXON,test,SPOOF,True,axon_de845200c77bd3,axon_subject_f838c74d,axon_camera,unknown,unknown,on_actor,AXON,AXON,test,0.0134290084237365,-0.4255509394471198,0.259794156382776,-0.128492882687459,-0.3850193437007398,-0.2689554523917288,-0.7089933613823998,-0.5650906370348229,-0.1573961191812276,1.470667835374043,1.4706678404416034,-0.1542903525679039,-0.3144401549825139,-0.1573961191812276,0.5172821910784443,SPOOF_TO_SPOOF
AXON__axon_de94e2b0cae648,1,1,0.9998996257781982,axon_de94e2b0cae648,SPOOF,axon_subject_e4b20a55,axon_camera,unknown,print_cut,AXON,AXON,test,SPOOF,True,axon_de94e2b0cae648,axon_subject_e4b20a55,axon_camera,unknown,unknown,print_cut,AXON,AXON,test,-1.2537758559825167,-0.6553096704702708,-0.4431459591523138,-1.4739944517904475,-0.3850193437007398,-0.3974066291602141,-0.3947196903606629,-0.4532485072652997,-0.1573961191812276,-0.0476003259973963,-0.047600325237712,-0.0107452308232801,-0.0996354160401974,-0.1573961191812276,0.5172821910784443,SPOOF_TO_SPOOF
AXON__axon_df0eb60766c934,1,1,0.9995273351669312,axon_df0eb60766c934,SPOOF,axon_subject_4a18c0fa,axon_camera,unknown,on_actor,AXON,AXON,test,SPOOF,True,axon_df0eb60766c934,axon_subject_4a18c0fa,axon_camera,unknown,unknown,on_actor,AXON,AXON,test,0.174374103153648,-0.3409858747201385,0.2883270040443396,0.0689525666409936,-0.3850193437007398,-0.4978656502765117,-0.7482730635023074,-0.7031024514927915,-0.1573961191812276,1.470667835374043,1.4706678404416034,-0.3382086296970403,-0.3184108467303204,-0.1573961191812276,0.5172821910784443,SPOOF_TO_SPOOF
AXON__axon_e22410aa4dc68e,1,1,0.9996213912963868,axon_e22410aa4dc68e,SPOOF,axon_subject_2234dd72,axon_camera,unknown,on_actor,AXON,AXON,test,SPOOF,True,axon_e22410aa4dc68e,axon_subject_2234dd72,axon_camera,unknown,unknown,on_actor,AXON,AXON,test,0.7596440859422467,-0.6217350791894061,0.8070660390461706,0.3679815826207454,-0.3850193437007398,-0.5362352676019574,-0.7658885078574443,-0.7525161979333646,-0.1573961191812276,1.470667835374043,1.4706678404416034,-0.5918033838710792,-0.3226720768986982,-0.1573961191812276,0.5172821910784443,SPOOF_TO_SPOOF
AXON__axon_e2a1edb3427e34,1,0,0.1265186965465545,axon_e2a1edb3427e34,SPOOF,axon_subject_2eefd49c,axon_camera,unknown,silicone_mask,AXON,AXON,test,REAL,False,axon_e2a1edb3427e34,axon_subject_2eefd49c,axon_camera,unknown,unknown,silicone_mask,AXON,AXON,test,0.308375572198478,-0.5355258871785947,0.5002538083986409,0.0002642035769399,-0.3850193437007398,0.2167578184833219,-0.6989561052181051,-0.2961593111654672,-0.1573961191812276,-0.0476003259973963,-0.047600325237712,0.253159047134157,-0.3239310767211735,-0.1573961191812276,0.5172821910784443,SPOOF_TO_REAL
AXON__axon_e5c477f6992056,1,1,0.99881774187088,axon_e5c477f6992056,SPOOF,axon_subject_40b25295,axon_camera,unknown,mobile_image_replay,AXON,AXON,test,SPOOF,True,axon_e5c477f6992056,axon_subject_40b25295,axon_camera,unknown,unknown,mobile_image_replay,AXON,AXON,test,2.380962248497814,0.2472690492359289,1.4433434891877728,2.333157600282886,-0.3850193437007398,-0.1273243147440433,-0.0814616562841312,-0.1123328830206568,-0.1573961191812276,-0.0476003259973963,-0.047600325237712,-0.0337568133411631,0.3522486740882286,-0.1573961191812276,0.5172821910784443,SPOOF_TO_SPOOF
AXON__axon_e96a6da394e613,1,1,0.999826729297638,axon_e96a6da394e613,SPOOF,axon_subject_64ec45b7,axon_camera,unknown,on_actor,AXON,AXON,test,SPOOF,True,axon_e96a6da394e613,axon_subject_64ec45b7,axon_camera,unknown,unknown,on_actor,AXON,AXON,test,-0.0421555358578021,-0.5840469208770911,0.2516604140678144,-0.3551748726915331,-0.3850193437007398,-0.4119251694859626,-0.7506771297616869,-0.6645786150541023,-0.1573961191812276,-0.0476003259973963,-0.047600325237712,-0.2120460067807173,-0.0915971864043938,-0.1573961191812276,0.5172821910784443,SPOOF_TO_SPOOF
AXON__axon_ea6067cd0aed2d,1,1,0.9083921313285828,axon_ea6067cd0aed2d,SPOOF,axon_subject_608b684a,axon_camera,unknown,mobile_image_replay,AXON,AXON,test,SPOOF,True,axon_ea6067cd0aed2d,axon_subject_608b684a,axon_camera,unknown,unknown,mobile_image_replay,AXON,AXON,test,-0.3833584504631049,-0.2177946078906454,-0.0799400437801527,-0.3794729607145121,-0.3850193437007398,-0.4097355981834964,-0.3849737034914697,-0.5326166423963143,-0.1573961191812276,-0.0476003259973963,-0.047600325237712,-0.4457471467258982,-0.0179941198596866,-0.1573961191812276,0.5172821910784443,SPOOF_TO_SPOOF
AXON__axon_ebe2adc37d3461,1,1,0.9995697140693665,axon_ebe2adc37d3461,SPOOF,axon_subject_5cd185cc,axon_camera,unknown,on_actor,AXON,AXON,test,SPOOF,True,axon_ebe2adc37d3461,axon_subject_5cd185cc,axon_camera,unknown,unknown,on_actor,AXON,AXON,test,-0.8387329520633952,-0.5445530133743349,-0.2685794633177361,-1.048823471903094,-0.3850193437007398,-0.7665302693387731,-0.6427719399308341,-0.7685307106025595,-0.1573961191812276,-0.0476003259973963,-0.047600325237712,-0.0352565072609402,-0.2282470902130541,-0.1573961191812276,0.5172821910784443,SPOOF_TO_SPOOF
AXON__axon_ece5b982da0255,1,1,0.9994601607322692,axon_ece5b982da0255,SPOOF,axon_subject_1857aa10,axon_camera,unknown,silicone_mask,AXON,AXON,test,SPOOF,True,axon_ece5b982da0255,axon_subject_1857aa10,axon_camera,unknown,unknown,silicone_mask,AXON,AXON,test,-1.3880512604662552,1.5913932324367628,-1.798720086887189,-0.6990748527390861,5.674850326719601,-0.8196740661335294,-0.8012143810381298,-0.9305188902757988,-0.1573961191812276,-0.0476003259973963,-0.047600325237712,0.3604255266612879,-0.2129454000629703,-0.1573961191812276,0.5172821910784443,SPOOF_TO_SPOOF
AXON__axon_eeddc1765491af,1,1,0.932601511478424,axon_eeddc1765491af,SPOOF,axon_subject_8fa6a293,axon_camera,unknown,silicone_mask,AXON,AXON,test,SPOOF,True,axon_eeddc1765491af,axon_subject_8fa6a293,axon_camera,unknown,unknown,silicone_mask,AXON,AXON,test,-0.5793874806530832,-0.0583480155944535,-0.3387174583755707,-0.4972576416553139,-0.3850193437007398,1.52924763759175,-0.5104340477487584,0.5686863314921292,-0.1573961191812276,-0.0476003259973963,-0.047600325237712,-0.1571990612402159,2.2216697181836,-0.1573961191812276,0.5172821910784443,SPOOF_TO_SPOOF
AXON__axon_f02e320dd548a0,1,1,0.8706074953079224,axon_f02e320dd548a0,SPOOF,axon_subject_70b219cc,axon_camera,unknown,latex_mask,AXON,AXON,test,SPOOF,True,axon_f02e320dd548a0,axon_subject_70b219cc,axon_camera,unknown,unknown,latex_mask,AXON,AXON,test,0.9143351515911488,-0.5948825889468329,0.925214522287054,0.5287385315695732,-0.3850193437007398,-0.0438524045281583,-0.6042335298888134,-0.3517188194741987,-0.1573961191812276,1.470667835374043,1.4706678404416034,-0.4527573438857868,-0.0608969599640357,-0.1573961191812276,0.5172821910784443,SPOOF_TO_SPOOF
AXON__axon_f2f8eae9ba79a6,1,1,0.9978245496749878,axon_f2f8eae9ba79a6,SPOOF,axon_subject_87d6b4c6,axon_camera,unknown,on_actor,AXON,AXON,test,SPOOF,True,axon_f2f8eae9ba79a6,axon_subject_87d6b4c6,axon_camera,unknown,unknown,on_actor,AXON,AXON,test,0.3443767763251912,-0.5772371854286603,0.5809373732828311,0.0828674645371406,-0.3850193437007398,-0.2975977248314231,-0.7634860526836947,-0.6171818071495214,-0.1573961191812276,-0.0476003259973963,-0.047600325237712,1.3314947780183903,-0.169267790837098,-0.1573961191812276,0.5172821910784443,SPOOF_TO_SPOOF
AXON__axon_f332b2ae936377,1,1,0.9998151659965516,axon_f332b2ae936377,SPOOF,axon_subject_22bdccdd,axon_camera,unknown,on_actor,AXON,AXON,test,SPOOF,True,axon_f332b2ae936377,axon_subject_22bdccdd,axon_camera,unknown,unknown,on_actor,AXON,AXON,test,0.4301844238897287,-0.6860371022429657,0.688521947226835,0.0583466930992242,-0.3850193437007398,-0.3414478817701954,-0.7316070517131059,-0.6217297938751929,-0.1573961191812276,-0.0476003259973963,-0.047600325237712,-0.4683123087281266,-0.0996354160401974,-0.1573961191812276,0.5172821910784443,SPOOF_TO_SPOOF
AXON__axon_f451b83dde05c4,1,1,0.999849796295166,axon_f451b83dde05c4,SPOOF,axon_subject_9c05a9aa,axon_camera,unknown,on_actor,AXON,AXON,test,SPOOF,True,axon_f451b83dde05c4,axon_subject_9c05a9aa,axon_camera,unknown,unknown,on_actor,AXON,AXON,test,0.2908005385240512,-0.3793265528553897,0.4877283243054829,0.3083162491467692,-0.3850193437007398,-0.2301864539991105,-0.5150340879514644,-0.4385226466261164,-0.1573961191812276,-0.0476003259973963,-0.047600325237712,-0.2013040131227786,-0.299622695533382,-0.1573961191812276,0.5172821910784443,SPOOF_TO_SPOOF
AXON__axon_f9d991cc8e5dd4,1,1,0.9998175501823424,axon_f9d991cc8e5dd4,SPOOF,axon_subject_db2a2b66,axon_camera,unknown,mobile_video_replay,AXON,AXON,test,SPOOF,True,axon_f9d991cc8e5dd4,axon_subject_db2a2b66,axon_camera,unknown,unknown,mobile_video_replay,AXON,AXON,test,0.534605292771908,-0.6018839955769895,0.7443824773440825,0.2582196476084409,-0.3850193437007398,-0.31948418195606,-0.6904464686730144,-0.5947366938316239,-0.1573961191812276,1.470667835374043,1.4706678404416034,-0.4636388439548675,-0.2130422462031606,-0.1573961191812276,0.5172821910784443,SPOOF_TO_SPOOF
AXON__axon_faa26c0d98cd7a,1,1,0.9997774958610536,axon_faa26c0d98cd7a,SPOOF,axon_subject_841a7c36,axon_camera,unknown,on_actor,AXON,AXON,test,SPOOF,True,axon_faa26c0d98cd7a,axon_subject_841a7c36,axon_camera,unknown,unknown,on_actor,AXON,AXON,test,-0.1463273725227922,-0.6605400875113734,0.3134902547032529,-0.4002229596594913,-0.3850193437007398,-0.381846800081594,-0.5838631558682087,-0.4882486201915167,-0.1573961191812276,-0.0476003259973963,-0.047600325237712,-0.1894599188168175,-0.2880011587105335,-0.1573961191812276,0.5172821910784443,SPOOF_TO_SPOOF
AXON__axon_fc37575f318ec6,1,1,0.999569833278656,axon_fc37575f318ec6,SPOOF,axon_subject_6f7baa47,axon_camera,unknown,pc_video_replay,AXON,AXON,test,SPOOF,True,axon_fc37575f318ec6,axon_subject_6f7baa47,axon_camera,unknown,unknown,pc_video_replay,AXON,AXON,test,1.3624514708702304,-0.1107902935165101,0.9126508621532132,1.3097015537359726,-0.3850193437007398,-0.2788487974368666,-0.442205374175249,-0.3620870119489837,-0.1573961191812276,1.470667835374043,1.4706678404416034,0.1585737003798395,-0.3490142270304882,-0.1573961191812276,0.5172821910784443,SPOOF_TO_SPOOF
AXON__axon_fdaa0709881b1b,1,1,0.9989396929740906,axon_fdaa0709881b1b,SPOOF,axon_subject_758b0a27,axon_camera,unknown,mobile_image_replay,AXON,AXON,test,SPOOF,True,axon_fdaa0709881b1b,axon_subject_758b0a27,axon_camera,unknown,unknown,mobile_image_replay,AXON,AXON,test,1.578207449793613,0.1700337734900785,0.8707215926860439,1.6541344382316854,-0.3850193437007398,0.1034859871888361,0.189470578408358,0.406937951988836,-0.1573961191812276,-0.0476003259973963,-0.047600325237712,-0.1550925144319708,0.4015433594451442,-0.1573961191812276,0.5172821910784443,SPOOF_TO_SPOOF
AXON__axon_fea489806463d4,1,1,0.9998483657836914,axon_fea489806463d4,SPOOF,axon_subject_8fa67e74,axon_camera,unknown,on_actor,AXON,AXON,test,SPOOF,True,axon_fea489806463d4,axon_subject_8fa67e74,axon_camera,unknown,unknown,on_actor,AXON,AXON,test,0.224938157936654,-0.6527362870405156,0.53590948184688,-0.0721329901565855,-0.3850193437007398,-0.5262737704834175,-0.713396795613778,-0.712045597983035,-0.1573961191812276,-0.0476003259973963,-0.047600325237712,-0.3050619064096866,-0.3048523871036638,-0.1573961191812276,0.5172821910784443,SPOOF_TO_SPOOF
CASIA__10_1,0,0,0.0062124808318912,10_1,REAL,10,casia_camera,unknown,casia_real_or_spoof,CASIA,CASIA,test,REAL,True,10_1,unknown_subject,casia_camera,unknown,unknown,casia_real_or_spoof,CASIA,CASIA,test,-0.8920352544256274,1.6078624693464498,-1.6320370370224084,-0.5135201858523855,-0.3850193437007398,5.085474175926487,3.900268502783036,4.0072307542581855,-0.1573961191812276,-1.5658684873688358,-1.5658684909170275,-0.6338575915098535,-0.4261037546220498,-0.1573961191812276,-1.9305106608221685,REAL_TO_REAL
CASIA__10_2,0,0,0.0038616519887,10_2,REAL,10,casia_camera,unknown,casia_real_or_spoof,CASIA,CASIA,test,REAL,True,10_2,unknown_subject,casia_camera,unknown,unknown,casia_real_or_spoof,CASIA,CASIA,test,-1.4441048154235014,3.012978935987653,-2.777767691505483,-0.4272444402513588,1.6349372131060402,0.6622144254152231,3.409735598062197,2.675555408882745,-0.1573961191812276,-1.5658684873688358,-1.5658684909170275,-0.6338575915098535,-0.4261037546220498,-0.1573961191812276,-1.9305106608221685,REAL_TO_REAL
CASIA__10_3,1,1,0.999648094177246,10_3,SPOOF,10,casia_camera,unknown,casia_real_or_spoof,CASIA,CASIA,test,SPOOF,True,10_3,unknown_subject,casia_camera,unknown,unknown,casia_real_or_spoof,CASIA,CASIA,test,-0.898987680524622,1.5628596025442312,-1.0922062073867764,-0.2140903397257476,-0.3850193437007398,1.3377496774208446,1.650433686696935,1.5530374235126383,-0.1573961191812276,-1.5658684873688358,-1.5658684909170275,-0.6338575915098535,-0.4261037546220498,-0.1573961191812276,-1.9305106608221685,SPOOF_TO_SPOOF
CASIA__10_4,1,1,0.9990286827087402,10_4,SPOOF,10,casia_camera,unknown,casia_real_or_spoof,CASIA,CASIA,test,SPOOF,True,10_4,unknown_subject,casia_camera,unknown,unknown,casia_real_or_spoof,CASIA,CASIA,test,0.100766267206741,-0.5055832181043892,0.4213491721553032,-0.0973735153448507,-0.3850193437007398,0.5570751143753058,-0.0854473001502176,0.0068054408028881,-0.1573961191812276,-1.5658684873688358,-1.5658684909170275,-0.6338575915098535,-0.4261037546220498,-0.1573961191812276,-1.9305106608221685,SPOOF_TO_SPOOF
CASIA__10_5,1,1,0.9152394533157348,10_5,SPOOF,10,casia_camera,unknown,casia_real_or_spoof,CASIA,CASIA,test,SPOOF,True,10_5,unknown_subject,casia_camera,unknown,unknown,casia_real_or_spoof,CASIA,CASIA,test,-0.4398959580290873,0.5309740486038799,-0.6365332430436819,-0.347805843362748,-0.3850193437007398,-0.8424146555087358,-0.1477296654078744,-0.5818782922316353,-0.1573961191812276,-1.5658684873688358,-1.5658684909170275,-0.6338575915098535,-0.4261037546220498,-0.1573961191812276,-1.9305106608221685,SPOOF_TO_SPOOF
CASIA__10_6,1,1,0.9982206225395204,10_6,SPOOF,10,casia_camera,unknown,casia_real_or_spoof,CASIA,CASIA,test,SPOOF,True,10_6,unknown_subject,casia_camera,unknown,unknown,casia_real_or_spoof,CASIA,CASIA,test,0.6463598837478431,-0.0012983310979409,0.3044541355835153,0.4877345801832338,-0.3850193437007398,-0.0671500558388293,0.7905410423638531,0.623595701370568,-0.1573961191812276,-1.5658684873688358,-1.5658684909170275,-0.6338575915098535,-0.4261037546220498,-0.1573961191812276,-1.9305106608221685,SPOOF_TO_SPOOF
CASIA__10_7,1,1,0.9966453909873962,10_7,SPOOF,10,casia_camera,unknown,casia_real_or_spoof,CASIA,CASIA,test,SPOOF,True,10_7,unknown_subject,casia_camera,unknown,unknown,casia_real_or_spoof,CASIA,CASIA,test,-0.0306823449094368,-0.4171283920065244,0.261313712511928,-0.1759203547419189,-0.3850193437007398,0.2324481116765874,1.6043562522964854,0.7410987584514521,-0.1573961191812276,-1.5658684873688358,-1.5658684909170275,-0.6338575915098535,-0.4261037546220498,-0.1573961191812276,-1.9305106608221685,SPOOF_TO_SPOOF
CASIA__10_8,1,1,0.99522203207016,10_8,SPOOF,10,casia_camera,unknown,casia_real_or_spoof,CASIA,CASIA,test,SPOOF,True,10_8,unknown_subject,casia_camera,unknown,unknown,casia_real_or_spoof,CASIA,CASIA,test,-0.0132893814560206,-0.4087069988751286,0.2780314498569678,-0.229543544890598,-0.3850193437007398,0.4092158579033036,0.3351402951721075,0.1441201306043717,-0.1573961191812276,-1.5658684873688358,-1.5658684909170275,-0.6338575915098535,-0.4261037546220498,-0.1573961191812276,-1.9305106608221685,SPOOF_TO_SPOOF
CASIA__13_1,0,0,0.005126719828695,13_1,REAL,13,casia_camera,unknown,casia_real_or_spoof,CASIA,CASIA,test,REAL,True,13_1,unknown_subject,casia_camera,unknown,unknown,casia_real_or_spoof,CASIA,CASIA,test,-0.4283192803593557,-0.0025874338296265,-0.3006935604427966,-0.2028025942099636,-0.3850193437007398,2.1301510250415765,1.633796064270467,2.025596646128525,-0.1573961191812276,1.470667835374043,1.4706678404416034,3.740679819274545,1.9139895307986865,-0.1573961191812276,0.5172821910784443,REAL_TO_REAL
CASIA__13_2,0,0,0.0055913464166224,13_2,REAL,13,casia_camera,unknown,casia_real_or_spoof,CASIA,CASIA,test,REAL,True,13_2,unknown_subject,casia_camera,unknown,unknown,casia_real_or_spoof,CASIA,CASIA,test,-1.2038468333533443,3.30045882434269,-2.760434763171519,-0.3251597079374757,0.6249589347026502,1.7704555107425863,2.4984858686122022,1.7907962488638167,-0.1573961191812276,1.470667835374043,1.4706678404416034,3.492086369939949,1.1264367187703197,-0.1573961191812276,0.5172821910784443,REAL_TO_REAL
CASIA__13_3,1,0,0.0702076852321624,13_3,SPOOF,13,casia_camera,unknown,casia_real_or_spoof,CASIA,CASIA,test,REAL,False,13_3,unknown_subject,casia_camera,unknown,unknown,casia_real_or_spoof,CASIA,CASIA,test,-0.1250495064812277,-0.6518876835958307,0.2970030707019471,-0.4729595536323358,-0.3850193437007398,-0.1022475472213236,-0.0102793756780164,-0.0940183580615571,-0.1573961191812276,1.470667835374043,1.4706678404416034,3.031289718617164,0.2995643738246485,-0.1573961191812276,0.5172821910784443,SPOOF_TO_REAL
CASIA__13_4,1,1,0.9992281198501588,13_4,SPOOF,13,casia_camera,unknown,casia_real_or_spoof,CASIA,CASIA,test,SPOOF,True,13_4,unknown_subject,casia_camera,unknown,unknown,casia_real_or_spoof,CASIA,CASIA,test,-0.0698634137471907,-0.416297326614596,0.2278254650597294,-0.2182742283470846,-0.3850193437007398,0.6472877439740634,0.8948780736046059,1.0958475659006113,-0.1573961191812276,1.470667835374043,1.4706678404416034,3.7716432672275255,2.036693590419928,-0.1573961191812276,0.5172821910784443,SPOOF_TO_SPOOF
CASIA__13_5,1,1,0.998735010623932,13_5,SPOOF,13,casia_camera,unknown,casia_real_or_spoof,CASIA,CASIA,test,SPOOF,True,13_5,unknown_subject,casia_camera,unknown,unknown,casia_real_or_spoof,CASIA,CASIA,test,0.2633881788657271,-0.2922585361780579,0.516912410308111,0.2951292956553127,-0.3850193437007398,-0.2510948710210504,1.842937373699402,1.2671992727173451,-0.1573961191812276,-1.5658684873688358,-1.5658684909170275,-0.6338575915098535,-0.4261037546220498,-0.1573961191812276,-1.9305106608221685,SPOOF_TO_SPOOF
CASIA__13_6,1,1,0.9660715460777284,13_6,SPOOF,13,casia_camera,unknown,casia_real_or_spoof,CASIA,CASIA,test,SPOOF,True,13_6,unknown_subject,casia_camera,unknown,unknown,casia_real_or_spoof,CASIA,CASIA,test,0.4091638911392576,2.756386872531156,-1.9946928618475688,0.7134214056846918,0.6249589347026502,0.4066178149175682,2.9504798066368485,1.6670496230941896,-0.1573961191812276,-1.5658684873688358,-1.5658684909170275,-0.6338575915098535,-0.4261037546220498,-0.1573961191812276,-1.9305106608221685,SPOOF_TO_SPOOF
CASIA__13_7,1,1,0.8848390579223633,13_7,SPOOF,13,casia_camera,unknown,casia_real_or_spoof,CASIA,CASIA,test,SPOOF,True,13_7,unknown_subject,casia_camera,unknown,unknown,casia_real_or_spoof,CASIA,CASIA,test,-0.5322448518317922,0.760042614429695,-0.9860300299240528,-0.490147641770111,0.6249589347026502,-0.1606392740466224,0.8017717543664011,0.3399071095605845,-0.1573961191812276,-1.5658684873688358,-1.5658684909170275,-0.6338575915098535,-0.4261037546220498,-0.1573961191812276,-1.9305106608221685,SPOOF_TO_SPOOF
CASIA__13_8,1,0,0.2972046434879303,13_8,SPOOF,13,casia_camera,unknown,casia_real_or_spoof,CASIA,CASIA,test,REAL,False,13_8,unknown_subject,casia_camera,unknown,unknown,casia_real_or_spoof,CASIA,CASIA,test,-0.1248104355527252,-0.3893174713837575,0.1591759613136286,-0.3273256240951765,-0.3850193437007398,-1.0812543956191136,-0.4539476085416163,-0.9259688950715456,-0.1573961191812276,-1.5658684873688358,-1.5658684909170275,-0.6338575915098535,-0.4261037546220498,-0.1573961191812276,-1.9305106608221685,SPOOF_TO_REAL
CASIA__29_1,0,0,0.0051911193877458,29_1,REAL,29,casia_camera,unknown,casia_real_or_spoof,CASIA,CASIA,test,REAL,True,29_1,unknown_subject,casia_camera,unknown,unknown,casia_real_or_spoof,CASIA,CASIA,test,-0.7373129213983448,2.693281756415994,-2.4783147582103564,-0.1563846203032182,0.6249589347026502,-0.474879173509556,0.0917823102280124,-0.2893659062494951,-0.1573961191812276,-1.5658684873688358,-1.5658684909170275,-0.6338575915098535,-0.4261037546220498,-0.1573961191812276,-1.9305106608221685,REAL_TO_REAL
CASIA__29_2,0,0,0.0044531463645398,29_2,REAL,29,casia_camera,unknown,casia_real_or_spoof,CASIA,CASIA,test,REAL,True,29_2,unknown_subject,casia_camera,unknown,unknown,casia_real_or_spoof,CASIA,CASIA,test,-1.201987116095868,2.6438085107127027,-2.4892862996671283,-0.3471603174173782,0.6249589347026502,2.9125714271347865,-0.1050309077291003,1.4464436917265855,-0.1573961191812276,-1.5658684873688358,-1.5658684909170275,-0.6338575915098535,-0.4261037546220498,-0.1573961191812276,-1.9305106608221685,REAL_TO_REAL
CASIA__29_3,1,1,0.9997805953025818,29_3,SPOOF,29,casia_camera,unknown,casia_real_or_spoof,CASIA,CASIA,test,SPOOF,True,29_3,unknown_subject,casia_camera,unknown,unknown,casia_real_or_spoof,CASIA,CASIA,test,0.232647641975902,-0.5696964185134548,0.468798247975364,-0.0976642835740111,-0.3850193437007398,1.3914640894332455,3.054370658149576,2.984551439440156,-0.1573961191812276,0.8633605708254672,0.8633605741698771,2.9877497676997264,0.114200861500215,-0.1573961191812276,0.5172821910784443,SPOOF_TO_SPOOF
CASIA__29_4,1,1,0.9997257590293884,29_4,SPOOF,29,casia_camera,unknown,casia_real_or_spoof,CASIA,CASIA,test,SPOOF,True,29_4,unknown_subject,casia_camera,unknown,unknown,casia_real_or_spoof,CASIA,CASIA,test,0.2362940270404768,-0.435680226136982,0.4272518617397522,-0.0385943082875568,-0.3850193437007398,2.0805416046904948,1.7681417224091065,1.8690085958660856,-0.1573961191812276,-1.5658684873688358,-1.5658684909170275,-0.6338575915098535,-0.4261037546220498,-0.1573961191812276,-1.9305106608221685,SPOOF_TO_SPOOF
CASIA__29_5,1,1,0.9998382329940796,29_5,SPOOF,29,casia_camera,unknown,casia_real_or_spoof,CASIA,CASIA,test,SPOOF,True,29_5,unknown_subject,casia_camera,unknown,unknown,casia_real_or_spoof,CASIA,CASIA,test,-0.0429424776641197,0.4657192363909238,-0.3395416117244363,0.0586604975437211,-0.3850193437007398,0.8282300113015769,1.7033137776263645,1.3957569959067233,-0.1573961191812276,-1.5658684873688358,-1.5658684909170275,-0.6338575915098535,-0.4261037546220498,-0.1573961191812276,-1.9305106608221685,SPOOF_TO_SPOOF
CASIA__29_6,1,1,0.9996094107627868,29_6,SPOOF,29,casia_camera,unknown,casia_real_or_spoof,CASIA,CASIA,test,SPOOF,True,29_6,unknown_subject,casia_camera,unknown,unknown,casia_real_or_spoof,CASIA,CASIA,test,-0.4307564756582466,0.7941997408834622,-0.7576551532964011,-0.157076730595162,-0.3850193437007398,-0.1835193079632846,0.624042182903293,0.2730755325527391,-0.1573961191812276,-1.5658684873688358,-1.5658684909170275,-0.6338575915098535,-0.4261037546220498,-0.1573961191812276,-1.9305106608221685,SPOOF_TO_SPOOF
CASIA__29_7,1,1,0.999438464641571,29_7,SPOOF,29,casia_camera,unknown,casia_real_or_spoof,CASIA,CASIA,test,SPOOF,True,29_7,unknown_subject,casia_camera,unknown,unknown,casia_real_or_spoof,CASIA,CASIA,test,-0.1764918148835208,0.6270203195146384,-0.3965215980934819,-0.1445634584233786,-0.3850193437007398,1.1829172021724714,1.1716631415317311,1.1167800513952488,-0.1573961191812276,-1.5658684873688358,-1.5658684909170275,-0.6338575915098535,-0.4261037546220498,-0.1573961191812276,-1.9305106608221685,SPOOF_TO_SPOOF
CASIA__29_8,1,1,0.9992179870605468,29_8,SPOOF,29,casia_camera,unknown,casia_real_or_spoof,CASIA,CASIA,test,SPOOF,True,29_8,unknown_subject,casia_camera,unknown,unknown,casia_real_or_spoof,CASIA,CASIA,test,0.3449711332168815,-0.6030792641410311,0.599210597148254,-0.0364114989052755,-0.3850193437007398,0.1003530854087688,0.6309767236513053,0.3853824729562399,-0.1573961191812276,-1.5658684873688358,-1.5658684909170275,-0.6338575915098535,-0.4261037546220498,-0.1573961191812276,-1.9305106608221685,SPOOF_TO_SPOOF
LOCAL_REAL__p13_samsung_normal_t01.mp4,0,1,0.9492909908294678,p13_samsung_normal_t01.mp4,REAL,p13,samsung,normal,real_video,LOCAL_REAL,LOCAL_REAL,test,SPOOF,False,p13_samsung_normal_t01.mp4,p13,samsung,normal,t01.mp4,real_video,LOCAL_REAL,LOCAL_REAL,test,1.1676086641414631,-0.0719874076340496,0.7219529306180087,1.0487667591873793,1.6349372131060402,1.8346013220837516,3.005349122656983,2.5371953364114708,-0.1573961191812276,-0.0476003259973963,-0.047600325237712,0.0741234943949928,0.0675210219284402,-0.1573961191812276,0.5172821910784443,REAL_TO_SPOOF
LOCAL_REAL__p14_samsung_normal_t01.mp4,0,1,0.981843650341034,p14_samsung_normal_t01.mp4,REAL,p14,samsung,normal,real_video,LOCAL_REAL,LOCAL_REAL,test,SPOOF,False,p14_samsung_normal_t01.mp4,p14,samsung,normal,t01.mp4,real_video,LOCAL_REAL,LOCAL_REAL,test,0.2473720868709041,-0.0593865215212828,0.2876372153876825,0.2192833245276902,0.6249589347026502,0.4517731639492254,1.8481973274221144,1.7095977202528705,-0.1573961191812276,-0.0476003259973963,-0.047600325237712,-0.2082235311154248,-0.016154043196069,-0.1573961191812276,0.5172821910784443,REAL_TO_SPOOF
LOCAL_REAL__p14_samsung_normal_t02.mp4,0,1,0.963926076889038,p14_samsung_normal_t02.mp4,REAL,p14,samsung,normal,real_video,LOCAL_REAL,LOCAL_REAL,test,SPOOF,False,p14_samsung_normal_t02.mp4,p14,samsung,normal,t02.mp4,real_video,LOCAL_REAL,LOCAL_REAL,test,0.3583845618396159,-0.6579226727708125,0.6582943827788669,0.0437867811736039,-0.3850193437007398,0.0474956154737305,0.9996881752518104,0.6158702406671495,-0.1573961191812276,-0.0476003259973963,-0.047600325237712,-0.4713326225293522,-0.3133748474404194,-0.1573961191812276,0.5172821910784443,REAL_TO_SPOOF
LOCAL_REAL__p15_pc_normal_t01.mp4,0,0,0.0070464387536048,p15_pc_normal_t01.mp4,REAL,p15,pc,normal,real_video,LOCAL_REAL,LOCAL_REAL,test,REAL,True,p15_pc_normal_t01.mp4,p15,pc,normal,t01.mp4,real_video,LOCAL_REAL,LOCAL_REAL,test,0.5391454267937292,-0.6231929158618407,0.729564185160484,0.1882724833551204,-0.3850193437007398,-0.8131899775977929,0.2957674605273961,0.0288195833077445,-0.1573961191812276,-0.0476003259973963,-0.047600325237712,-0.3845805607606614,0.4344710471098816,-0.1573961191812276,0.5172821910784443,REAL_TO_REAL
LOCAL_REAL__p15_pc_normal_t02.mp4,0,0,0.0093699237331748,p15_pc_normal_t02.mp4,REAL,p15,pc,normal,real_video,LOCAL_REAL,LOCAL_REAL,test,REAL,True,p15_pc_normal_t02.mp4,p15,pc,normal,t02.mp4,real_video,LOCAL_REAL,LOCAL_REAL,test,-0.0549790348282616,-0.6945286196585747,0.3471544113625207,-0.3824968479145918,-0.3850193437007398,-0.9262964698686084,-0.449912679371599,-0.748101379423896,-0.1573961191812276,-0.0476003259973963,-0.047600325237712,-0.0414226906334193,0.2363238442803146,-0.1573961191812276,0.5172821910784443,REAL_TO_REAL
LOCAL_REAL__p15_pc_normal_t03.mp4,0,0,0.009233932942152,p15_pc_normal_t03.mp4,REAL,p15,pc,normal,real_video,LOCAL_REAL,LOCAL_REAL,test,REAL,True,p15_pc_normal_t03.mp4,p15,pc,normal,t03.mp4,real_video,LOCAL_REAL,LOCAL_REAL,test,1.4323775038372268,0.3341994052315993,0.8745564134001559,1.8643859756246663,0.6249589347026502,0.1326366729942181,0.3813365110087894,0.2601028302626091,-0.1573961191812276,-0.0476003259973963,-0.047600325237712,-0.0015099064056756,0.5641480288248328,-0.1573961191812276,0.5172821910784443,REAL_TO_REAL
LOCAL_REAL__p15_pc_normal_t04.mp4,0,0,0.0082146497443318,p15_pc_normal_t04.mp4,REAL,p15,pc,normal,real_video,LOCAL_REAL,LOCAL_REAL,test,REAL,True,p15_pc_normal_t04.mp4,p15,pc,normal,t04.mp4,real_video,LOCAL_REAL,LOCAL_REAL,test,0.4493233798881022,-0.6494344227949712,0.7035850152006958,0.0955184420850576,-0.3850193437007398,-0.5698902710411884,-0.2438636695030113,-0.4462321003638761,-0.1573961191812276,-0.0476003259973963,-0.047600325237712,-0.0164440677184333,0.0398230258339846,-0.1573961191812276,0.5172821910784443,REAL_TO_REAL
LOCAL_REAL__p15_pc_normal_t05.mp4,0,0,0.0186080653220415,p15_pc_normal_t05.mp4,REAL,p15,pc,normal,real_video,LOCAL_REAL,LOCAL_REAL,test,REAL,True,p15_pc_normal_t05.mp4,p15,pc,normal,t05.mp4,real_video,LOCAL_REAL,LOCAL_REAL,test,-0.0152379202042947,-0.6276335619919369,0.3938624228634388,-0.1997541350468574,-0.3850193437007398,-1.2186995249329349,-0.6138792975974071,-1.0386669714629029,-0.1573961191812276,1.470667835374043,1.4706678404416034,-0.4760060873026113,0.1453853186415251,-0.1573961191812276,0.5172821910784443,REAL_TO_REAL
LOCAL_REAL__p15_pc_normal_t06.mp4,0,0,0.0093129649758338,p15_pc_normal_t06.mp4,REAL,p15,pc,normal,real_video,LOCAL_REAL,LOCAL_REAL,test,REAL,True,p15_pc_normal_t06.mp4,p15,pc,normal,t06.mp4,real_video,LOCAL_REAL,LOCAL_REAL,test,0.0530124026434836,-0.5336217424373633,0.3944092385049892,-0.1742325680314635,0.6249589347026502,-0.5033916429703207,-0.2011455573868987,-0.4013951897049527,-0.1573961191812276,-0.0476003259973963,-0.047600325237712,-0.1700197004241713,0.05551210054483,-0.1573961191812276,0.5172821910784443,REAL_TO_REAL
LOCAL_REAL__p15_pc_normal_t07.mp4,0,0,0.013327931985259,p15_pc_normal_t07.mp4,REAL,p15,pc,normal,real_video,LOCAL_REAL,LOCAL_REAL,test,REAL,True,p15_pc_normal_t07.mp4,p15,pc,normal,t07.mp4,real_video,LOCAL_REAL,LOCAL_REAL,test,1.0531600979804687,-0.3548145362335985,0.91722936711083,0.8535732278872241,1.6349372131060402,-0.236128190869066,0.1182288642645757,0.1753764394560556,-0.1573961191812276,1.470667835374043,1.4706678404416034,-0.4638341529304665,0.3217421399282511,-0.1573961191812276,0.5172821910784443,REAL_TO_REAL
LOCAL_REAL__p15_pc_normal_t08.mp4,0,0,0.0093821557238698,p15_pc_normal_t08.mp4,REAL,p15,pc,normal,real_video,LOCAL_REAL,LOCAL_REAL,test,REAL,True,p15_pc_normal_t08.mp4,p15,pc,normal,t08.mp4,real_video,LOCAL_REAL,LOCAL_REAL,test,0.2318673410287085,1.7494449723837635,-0.4891589421478539,1.259194907564621,0.6249589347026502,-0.5678614108123796,0.0537504983013725,-0.0220507970077767,-0.1573961191812276,-0.0476003259973963,-0.047600325237712,-0.5484936185320263,0.1900313892693014,-0.1573961191812276,0.5172821910784443,REAL_TO_REAL
MSU_MFSD__real_client049_android_SD_scene01,0,0,0.0106302509084343,real_client049_android_SD_scene01,REAL,client049,android,unknown,real_video,MSU_MFSD,MSU_MFSD,test,REAL,True,real_client049_android_SD_scene01,client049,android,unknown,unknown,real_video,MSU_MFSD,MSU_MFSD,test,0.3824145105835846,-0.6232709806763082,0.6425067185818434,0.1272055241567816,0.6249589347026502,-0.7711283580550237,-0.0112974533376646,-0.1482363244043167,-0.1573961191812276,1.470667835374043,1.4706678404416034,-0.5046328028689623,0.3770412859769719,-0.1573961191812276,0.5172821910784443,REAL_TO_REAL
MSU_MFSD__real_client049_laptop_SD_scene01,0,0,0.0076759504154324,real_client049_laptop_SD_scene01,REAL,client049,laptop,unknown,real_video,MSU_MFSD,MSU_MFSD,test,REAL,True,real_client049_laptop_SD_scene01,client049,laptop,unknown,unknown,real_video,MSU_MFSD,MSU_MFSD,test,0.0239719256896696,-0.0810104565117918,0.2205940995495422,0.1844766269832602,1.6349372131060402,-1.040752257494037,-0.3249267757464143,-0.676694427346096,-0.1573961191812276,-0.0476003259973963,-0.047600325237712,-0.622313435987848,-0.1544503313879661,-0.1573961191812276,0.5172821910784443,REAL_TO_REAL
MSU_MFSD__real_client050_android_SD_scene01,0,0,0.0137812485918402,real_client050_android_SD_scene01,REAL,client050,android,unknown,real_video,MSU_MFSD,MSU_MFSD,test,REAL,True,real_client050_android_SD_scene01,client050,android,unknown,unknown,real_video,MSU_MFSD,MSU_MFSD,test,0.0222740793733659,-0.6233202436143246,0.4049989727705658,-0.2989578046957585,1.6349372131060402,-0.0757754527697563,0.31770391682946,0.3052029124785992,-0.1573961191812276,1.470667835374043,1.4706678404416034,-0.0844325171885168,0.090957787854518,-0.1573961191812276,0.5172821910784443,REAL_TO_REAL
MSU_MFSD__real_client050_laptop_SD_scene01,0,0,0.0123314997181296,real_client050_laptop_SD_scene01,REAL,client050,laptop,unknown,real_video,MSU_MFSD,MSU_MFSD,test,REAL,True,real_client050_laptop_SD_scene01,client050,laptop,unknown,unknown,real_video,MSU_MFSD,MSU_MFSD,test,0.8204151412004442,1.7213778323532358,-1.6246383706280514,0.92014379488784,0.6249589347026502,-0.6760124705123879,0.0671413710447495,-0.0253473798516613,-0.1573961191812276,1.470667835374043,1.4706678404416034,-0.1419021832584889,-0.0828810337872574,-0.1573961191812276,0.5172821910784443,REAL_TO_REAL
MSU_MFSD__real_client051_android_SD_scene01,0,0,0.003616324160248,real_client051_android_SD_scene01,REAL,client051,android,unknown,real_video,MSU_MFSD,MSU_MFSD,test,REAL,True,real_client051_android_SD_scene01,client051,android,unknown,unknown,real_video,MSU_MFSD,MSU_MFSD,test,-0.3765615311486232,-0.6261539423877313,0.0990589897976645,-0.6459190418038269,0.6249589347026502,-0.4477463840990239,0.330283444708477,0.40759819367502,-0.1573961191812276,-0.0476003259973963,-0.047600325237712,0.0606960023225694,0.086406019265569,-0.1573961191812276,0.5172821910784443,REAL_TO_REAL
MSU_MFSD__real_client051_laptop_SD_scene01,0,0,0.007599267642945,real_client051_laptop_SD_scene01,REAL,client051,laptop,unknown,real_video,MSU_MFSD,MSU_MFSD,test,REAL,True,real_client051_laptop_SD_scene01,client051,laptop,unknown,unknown,real_video,MSU_MFSD,MSU_MFSD,test,-0.1661780072574005,-0.6367280477151616,0.2956036568184738,-0.3597370671603161,-0.3850193437007398,-0.8704405841770879,-0.1098196751056329,-0.2075280728199955,-0.1573961191812276,1.470667835374043,1.4706678404416034,-0.2476550182247284,-0.0770702653758332,-0.1573961191812276,0.5172821910784443,REAL_TO_REAL
MSU_MFSD__real_client053_android_SD_scene01,0,0,0.0127740073949098,real_client053_android_SD_scene01,REAL,client053,android,unknown,real_video,MSU_MFSD,MSU_MFSD,test,REAL,True,real_client053_android_SD_scene01,client053,android,unknown,unknown,real_video,MSU_MFSD,MSU_MFSD,test,-0.1151496457405686,-0.5170129272033032,0.1155985722861816,-0.3937405686632838,-0.3850193437007398,-0.1794538742556458,0.4020524388110798,0.2009312253838521,-0.1573961191812276,1.470667835374043,1.4706678404416034,0.5302815575473044,-0.1624885610237697,-0.1573961191812276,0.5172821910784443,REAL_TO_REAL
MSU_MFSD__real_client053_laptop_SD_scene01,0,0,0.0062505700625479,real_client053_laptop_SD_scene01,REAL,client053,laptop,unknown,real_video,MSU_MFSD,MSU_MFSD,test,REAL,True,real_client053_laptop_SD_scene01,client053,laptop,unknown,unknown,real_video,MSU_MFSD,MSU_MFSD,test,-0.350841483757331,-0.5886178922400294,0.1387573936717764,-0.5327257345379043,0.6249589347026502,-0.9263899654777948,-0.4416837035776929,-0.7482985755027342,-0.1573961191812276,1.470667835374043,1.4706678404416034,-0.3372251094984888,-0.1099979530405706,-0.1573961191812276,0.5172821910784443,REAL_TO_REAL
MSU_MFSD__real_client054_android_SD_scene01,0,0,0.0063108531758189,real_client054_android_SD_scene01,REAL,client054,android,unknown,real_video,MSU_MFSD,MSU_MFSD,test,REAL,True,real_client054_android_SD_scene01,client054,android,unknown,unknown,real_video,MSU_MFSD,MSU_MFSD,test,0.0703743754209819,-0.1143848868529075,-0.0580524471218175,-0.1118663662880427,-0.3850193437007398,-0.4722576602058986,0.0821697490817105,-0.1922109282592348,-0.1573961191812276,-0.0476003259973963,-0.047600325237712,-0.5190438151399371,-0.2800597752149204,-0.1573961191812276,0.5172821910784443,REAL_TO_REAL
MSU_MFSD__real_client054_laptop_SD_scene01,0,0,0.0106609966605901,real_client054_laptop_SD_scene01,REAL,client054,laptop,unknown,real_video,MSU_MFSD,MSU_MFSD,test,REAL,True,real_client054_laptop_SD_scene01,client054,laptop,unknown,unknown,real_video,MSU_MFSD,MSU_MFSD,test,0.0387074386832134,-0.5158007163589937,0.3699552387979828,-0.1275258735591462,-0.3850193437007398,-0.756134791717251,-0.1650737676167506,-0.3124698005418809,-0.1573961191812276,-0.0476003259973963,-0.047600325237712,-0.4366931806427784,0.2344837676166969,-0.1573961191812276,0.5172821910784443,REAL_TO_REAL
MSU_MFSD__real_client055_android_SD_scene01,0,0,0.0060950624756515,real_client055_android_SD_scene01,REAL,client055,android,unknown,real_video,MSU_MFSD,MSU_MFSD,test,REAL,True,real_client055_android_SD_scene01,client055,android,unknown,unknown,real_video,MSU_MFSD,MSU_MFSD,test,0.3970221870389713,-0.4977754334049863,0.6203964283528557,0.1447325006179795,2.64491549150943,-0.5971921459111152,-0.1197582643180756,-0.3213319383960339,-0.1573961191812276,1.470667835374043,1.4706678404416034,-0.2979261534797702,-0.1502859473597788,-0.1573961191812276,0.5172821910784443,REAL_TO_REAL
MSU_MFSD__real_client055_laptop_SD_scene01,0,0,0.0179958511143922,real_client055_laptop_SD_scene01,REAL,client055,laptop,unknown,real_video,MSU_MFSD,MSU_MFSD,test,REAL,True,real_client055_laptop_SD_scene01,client055,laptop,unknown,unknown,real_video,MSU_MFSD,MSU_MFSD,test,0.2487948909384446,-0.6679848233478727,0.5774161949421733,-0.0413279391743726,-0.3850193437007398,-1.0290961868931463,-0.3798951762090305,-0.6748534437063758,-0.1573961191812276,-0.0476003259973963,-0.047600325237712,-0.4099009743829456,-0.0910161095632514,-0.1573961191812276,0.5172821910784443,REAL_TO_REAL
