video_id,label,score_behavior_temporal,pred_behavior_temporal_05,pred_behavior_temporal
AXON__axon_004980a1ad9a0e,1,0.6945831179618835,1,1
AXON__axon_00de66363cc3f7,1,0.1715918630361557,0,1
AXON__axon_0102f277b04f98,1,0.6222196817398071,1,1
AXON__axon_01691a0388e284,1,0.10835183411836624,0,1
AXON__axon_02a3b0e58dd5b0,1,0.47645679116249084,0,1
AXON__axon_03af8536a8fdc6,1,0.5634662508964539,1,1
AXON__axon_0541d0934e1590,1,0.5267739295959473,1,1
AXON__axon_05857c82c53b77,1,0.08905474096536636,0,0
AXON__axon_059d687e1da973,1,0.21493969857692719,0,1
AXON__axon_065bee5c6bbca0,1,0.6439521908760071,1,1
AXON__axon_06c6bc225164df,1,0.0936431884765625,0,0
AXON__axon_06d326f921582e,1,0.5166712999343872,1,1
AXON__axon_079626ef0939b0,1,0.10911152511835098,0,1
AXON__axon_08befbd7f11c94,1,0.5820667147636414,1,1
AXON__axon_09770296c294ea,1,0.7020263671875,1,1
AXON__axon_0b2c598610ba51,1,0.6662381887435913,1,1
AXON__axon_0bf10e14d39ef8,1,0.5755889415740967,1,1
AXON__axon_0d0c985f3a8b8b,1,0.4146668314933777,0,1
AXON__axon_0d760b9c81947b,1,0.09400612115859985,0,0
AXON__axon_0e04cf315e1ed6,1,0.6350542306900024,1,1
AXON__axon_0eb84d65aeef40,1,0.08751558512449265,0,0
AXON__axon_0ed88434e09dcb,1,0.692440390586853,1,1
AXON__axon_0f6a9c6168364b,1,0.6393240690231323,1,1
AXON__axon_101ffdb61e883d,1,0.12712231278419495,0,1
AXON__axon_10d900c062a12f,1,0.1896437555551529,0,1
AXON__axon_10e84e64d5fe64,1,0.6122150421142578,1,1
AXON__axon_1118e8a6804cd0,0,0.17880034446716309,0,1
AXON__axon_11b3fa95f7df2e,1,0.5847208499908447,1,1
AXON__axon_11e9e821dceff4,1,0.09327156096696854,0,0
AXON__axon_12e0cf8f307787,1,0.22074466943740845,0,1
AXON__axon_1441ffed87e72c,1,0.2334030270576477,0,1
AXON__axon_1474e565f994d4,0,0.2886805236339569,0,1
AXON__axon_15f881852d0cda,1,0.516414999961853,1,1
AXON__axon_1606a891d53641,1,0.5275263786315918,1,1
AXON__axon_1637aa01c95cad,1,0.4745650887489319,0,1
AXON__axon_18f22f2058137a,1,0.641474187374115,1,1
AXON__axon_1908ca7831f7ce,1,0.6662840843200684,1,1
AXON__axon_19e893f51fca11,1,0.6895148158073425,1,1
AXON__axon_1c22571120ebe7,1,0.5844100713729858,1,1
AXON__axon_1c3fb5cc427d13,1,0.17112815380096436,0,1
AXON__axon_1c8e7a9a70d134,0,0.08890615403652191,0,0
AXON__axon_1d299f1439b77d,0,0.49486109614372253,0,1
AXON__axon_1d628c39414dbd,0,0.4499813914299011,0,1
AXON__axon_1e66888cbed034,1,0.5724539756774902,1,1
AXON__axon_1f28b8983fd047,1,0.3490246534347534,0,1
AXON__axon_1f5d72b8527b2b,1,0.638209342956543,1,1
AXON__axon_1fa757afac443b,1,0.13768959045410156,0,1
AXON__axon_1ff5f637400170,1,0.15262140333652496,0,1
AXON__axon_200e5acdefa7f3,1,0.4775945544242859,0,1
AXON__axon_20c2050103a65b,1,0.6755872368812561,1,1
AXON__axon_21a0f8ef94ac19,1,0.5254452228546143,1,1
AXON__axon_23299274edfbd9,1,0.6772093176841736,1,1
AXON__axon_23d935c9a2a1ac,1,0.3116399943828583,0,1
AXON__axon_23ec7bc87f6b2d,1,0.1839636266231537,0,1
AXON__axon_2418e0e3682622,1,0.1484868973493576,0,1
AXON__axon_250392006fdee3,1,0.2628386616706848,0,1
AXON__axon_252db003761325,1,0.4809684753417969,0,1
AXON__axon_2562c2265876a2,1,0.610419750213623,1,1
AXON__axon_25a83886ce823b,1,0.44428905844688416,0,1
AXON__axon_2651ee8034c7fe,1,0.08861082792282104,0,0
AXON__axon_27e2204a12ac7a,1,0.1115211620926857,0,1
AXON__axon_2801eafcaeca6a,1,0.4360473155975342,0,1
AXON__axon_28681b19a996af,1,0.25610485672950745,0,1
AXON__axon_28e0c0ab37fd93,1,0.6798191070556641,1,1
AXON__axon_2924e42a49bb79,0,0.2886805236339569,0,1
AXON__axon_2942a51a036c68,1,0.595944344997406,1,1
AXON__axon_29a7be0b75260b,1,0.5724539756774902,1,1
AXON__axon_29f5b604714788,1,0.6507965922355652,1,1
AXON__axon_2bb5fb02a137f4,1,0.30581584572792053,0,1
AXON__axon_2bd7540453f9c9,1,0.6428379416465759,1,1
AXON__axon_2c796271db8fa9,1,0.24485860764980316,0,1
AXON__axon_2c9c8f1d5a79e6,1,0.3990900218486786,0,1
AXON__axon_2d53c5680d62e4,1,0.18922144174575806,0,1
AXON__axon_2dbceb4bae3dda,1,0.2829369902610779,0,1
AXON__axon_2dcb82d482fab9,1,0.6692870259284973,1,1
AXON__axon_2df1cd826004dd,1,0.4322490692138672,0,1
AXON__axon_2e050ebd363cf2,1,0.10761530697345734,0,1
AXON__axon_2e5b4c5f33746e,1,0.6676041483879089,1,1
AXON__axon_2f2bab9524118d,1,0.6798036694526672,1,1
AXON__axon_303eef090b443a,1,0.08997680991888046,0,0
AXON__axon_30f2c9942268a1,1,0.1523568034172058,0,1
AXON__axon_310d9be33b9d5e,1,0.6543351411819458,1,1
AXON__axon_311b15579422cd,1,0.37454769015312195,0,1
AXON__axon_315adeadb33207,1,0.38116878271102905,0,1
AXON__axon_3237dee0f44e96,1,0.6507965922355652,1,1
AXON__axon_324d55c0f4a99b,1,0.10407958924770355,0,0
AXON__axon_327a147d18f66e,1,0.5947028994560242,1,1
AXON__axon_33634faa70315e,1,0.5430206060409546,1,1
AXON__axon_3393472058bd4c,1,0.6823857426643372,1,1
AXON__axon_33d466f10ed0ba,1,0.14556238055229187,0,1
AXON__axon_340e68ad132092,1,0.6393150091171265,1,1
AXON__axon_3477197b2624a7,1,0.0935223326086998,0,0
AXON__axon_353a7eb2bf9bf4,1,0.6116749048233032,1,1
AXON__axon_3562500ff9dc7c,1,0.11098011583089828,0,1
AXON__axon_359de8e9fcac41,1,0.6113441586494446,1,1
AXON__axon_361611f6951d4d,1,0.6117755770683289,1,1
AXON__axon_36ab0cb2c6c2a2,1,0.5905550122261047,1,1
AXON__axon_3799151b1fcfa0,1,0.6755794286727905,1,1
AXON__axon_38a02076a01b54,1,0.6749245524406433,1,1
AXON__axon_38bcc597c8d33b,1,0.17623546719551086,0,1
AXON__axon_3afe5119660ea2,1,0.6604859828948975,1,1
AXON__axon_3b09f32b8681ab,1,0.16808852553367615,0,1
AXON__axon_3b6093feadb7cb,1,0.5907471776008606,1,1
AXON__axon_3be54d1b937b73,1,0.5244616866111755,1,1
AXON__axon_3bf5b146ddd4b4,1,0.664333701133728,1,1
AXON__axon_3c249376cb77f1,1,0.5344060659408569,1,1
AXON__axon_3dae356d308da6,1,0.6666341423988342,1,1
AXON__axon_3f0456e8dd88ef,1,0.6803369522094727,1,1
AXON__axon_3fc0680f8c7988,1,0.10835183411836624,0,1
AXON__axon_403cea80068d77,1,0.595944344997406,1,1
AXON__axon_4117034e8c260e,1,0.17725825309753418,0,1
AXON__axon_41380d4f889708,1,0.4348127543926239,0,1
AXON__axon_415368d4b5eac5,1,0.5962287187576294,1,1
AXON__axon_41664e11cbf0d3,1,0.4959399998188019,0,1
AXON__axon_418d56103657b7,1,0.5683736205101013,1,1
AXON__axon_41921c34471742,1,0.6943916082382202,1,1
AXON__axon_43199a6cde634a,0,0.17880034446716309,0,1
AXON__axon_43b57ffe739065,1,0.09447088837623596,0,0
AXON__axon_44acead93a45ed,1,0.17954935133457184,0,1
AXON__axon_451664c7633ea7,1,0.6808472871780396,1,1
AXON__axon_45972a9ff50f22,1,0.10531207174062729,0,1
AXON__axon_45ae60db5a2263,1,0.5669146180152893,1,1
AXON__axon_46d137c79ed28c,1,0.6592501997947693,1,1
AXON__axon_47f59ccec5b22b,1,0.6697359085083008,1,1
AXON__axon_48263fea0769b5,1,0.13085368275642395,0,1
AXON__axon_48862ec339a3d6,1,0.34938234090805054,0,1
AXON__axon_49e5edb82464a5,1,0.20678265392780304,0,1
AXON__axon_4a270fa439137f,1,0.16306661069393158,0,1
AXON__axon_4b673f620abc86,1,0.5067946314811707,1,1
AXON__axon_4d121341778f4c,1,0.6696642637252808,1,1
AXON__axon_4d88881a1eba0d,1,0.6952968835830688,1,1
AXON__axon_4d9ea9e84a9239,1,0.08632753789424896,0,0
AXON__axon_4e774c934e1e2e,1,0.5383809804916382,1,1
AXON__axon_4e95e4347da3e2,1,0.14556238055229187,0,1
AXON__axon_4ed887255eab44,1,0.6365426778793335,1,1
AXON__axon_4f14c330e2e0fc,1,0.635470449924469,1,1
AXON__axon_5209dabbbf24e3,1,0.5974671840667725,1,1
AXON__axon_527d0393b0c389,1,0.6099742650985718,1,1
AXON__axon_5297f5067ad62a,1,0.17853328585624695,0,1
AXON__axon_52fb7b05f9f61c,1,0.2904529869556427,0,1
AXON__axon_53475c1e597612,1,0.6656890511512756,1,1
AXON__axon_534a4054f03a48,1,0.102783203125,0,0
AXON__axon_536fbe132ad3a7,1,0.43408748507499695,0,1
AXON__axon_53f35bbe775077,1,0.0855998545885086,0,0
AXON__axon_53fddeff76f687,1,0.6251921653747559,1,1
AXON__axon_544b1647b911cf,1,0.25184834003448486,0,1
AXON__axon_5472fc9161850e,1,0.6214292645454407,1,1
AXON__axon_5486199b40a542,1,0.1647014021873474,0,1
AXON__axon_5544ab64ee5911,1,0.6624594926834106,1,1
AXON__axon_55e27a7b713419,1,0.6663861274719238,1,1
AXON__axon_55f6182dd391cc,1,0.6721497774124146,1,1
AXON__axon_571f938b3eaa3f,1,0.6740213632583618,1,1
AXON__axon_57237eeac763ba,1,0.6770042777061462,1,1
AXON__axon_588248ad7dafe4,1,0.6958351731300354,1,1
AXON__axon_5930c743871726,1,0.17583104968070984,0,1
AXON__axon_59856574a3abf6,0,0.6091145873069763,1,1
AXON__axon_5a258665cd4e3d,1,0.6671799421310425,1,1
AXON__axon_5a5b947e6268c1,1,0.6116346120834351,1,1
AXON__axon_5aba5040212e5c,1,0.6771063208580017,1,1
AXON__axon_5b3a468fd7f863,1,0.09624363481998444,0,0
AXON__axon_5b9527a55c1450,1,0.09869346022605896,0,0
AXON__axon_5bfdb5e390c1e5,1,0.6877951622009277,1,1
AXON__axon_5c2eb200fb548b,1,0.5598942637443542,1,1
AXON__axon_5d6b6840dc9c93,1,0.43408748507499695,0,1
AXON__axon_5d9cee054f214e,1,0.10311099141836166,0,0
AXON__axon_5e7a48b2488b5b,1,0.3046632707118988,0,1
AXON__axon_5eb652e5de7e3c,1,0.68442302942276,1,1
AXON__axon_5f1817e6673372,1,0.08578116446733475,0,0
AXON__axon_5f4726d1b7d946,1,0.5190537571907043,1,1
AXON__axon_5fc315583c18fb,1,0.18922144174575806,0,1
AXON__axon_5fce6828126022,1,0.10552772134542465,0,1
AXON__axon_60a7c368e45f36,1,0.6912407279014587,1,1
AXON__axon_60c2b96a9cda15,1,0.10035736113786697,0,0
AXON__axon_60c397c14bc325,1,0.6116904616355896,1,1
AXON__axon_61a626edc9455f,1,0.6190299987792969,1,1
AXON__axon_61ec6ed98aef1c,1,0.10504769533872604,0,1
AXON__axon_62c2f46ba5e1cc,1,0.5214580297470093,1,1
AXON__axon_6319467956f033,1,0.20900589227676392,0,1
AXON__axon_641ef96d1654fd,1,0.25838804244995117,0,1
AXON__axon_645943a7ae2e5e,1,0.6177908778190613,1,1
AXON__axon_64902ee5fb418b,1,0.6389493346214294,1,1
AXON__axon_650358541c7920,1,0.26184308528900146,0,1
AXON__axon_6589003a27f134,1,0.08343885838985443,0,0
AXON__axon_6593b58f7ab753,1,0.6073923110961914,1,1
AXON__axon_674453a7091cea,1,0.12475521117448807,0,1
AXON__axon_679138f0608d89,1,0.16350744664669037,0,1
AXON__axon_67c42682a02a92,1,0.6585468649864197,1,1
AXON__axon_67ddbd22614c18,1,0.2179468423128128,0,1
AXON__axon_68f8a5c6f26e68,1,0.21383309364318848,0,1
AXON__axon_69fff6662a1a0b,1,0.682440459728241,1,1
AXON__axon_6a5221bcaa6311,1,0.17629896104335785,0,1
AXON__axon_6a9e32fcf91f53,1,0.2355169802904129,0,1
AXON__axon_6c47f961a9a2f5,1,0.6172588467597961,1,1
AXON__axon_6c829b66632440,1,0.1115211620926857,0,1
AXON__axon_6d1b50e44ae108,1,0.6720423698425293,1,1
AXON__axon_6d63516b7712f9,1,0.19223380088806152,0,1
AXON__axon_6d9e020a7e4c98,1,0.5844230055809021,1,1
AXON__axon_6e9af7d66b5dd3,1,0.6655769944190979,1,1
AXON__axon_6edaa253a809eb,1,0.6518493890762329,1,1
AXON__axon_6eff10c4a4328e,1,0.2179468423128128,0,1
AXON__axon_6f91c0bc052afd,1,0.6610634326934814,1,1
AXON__axon_6fe15456bf0db0,1,0.62413090467453,1,1
AXON__axon_703b6645081d24,1,0.16808852553367615,0,1
AXON__axon_70d133acc8bba1,1,0.6212460994720459,1,1
AXON__axon_70e82a3ea8939f,1,0.4513864517211914,0,1
AXON__axon_71ee7db432da10,1,0.6417211890220642,1,1
AXON__axon_7234f4c56b1295,1,0.3990900218486786,0,1
AXON__axon_725a4e9a0b76e0,1,0.16209366917610168,0,1
AXON__axon_728ef25de322bd,1,0.6622863411903381,1,1
AXON__axon_731f6c39a52d32,1,0.7136021852493286,1,1
AXON__axon_73275f9626bf90,1,0.6604859828948975,1,1
AXON__axon_7357b941a5b6bc,1,0.6568658947944641,1,1
AXON__axon_743469a612c6d0,1,0.6223280429840088,1,1
AXON__axon_7466f049541c3e,1,0.10504769533872604,0,1
AXON__axon_74866b9083463f,1,0.21147498488426208,0,1
AXON__axon_759b638ebc29a3,1,0.6739804744720459,1,1
AXON__axon_75c00bfec0367f,1,0.14400769770145416,0,1
AXON__axon_75dcc7596f475f,1,0.10552772134542465,0,1
AXON__axon_75e85898557abb,1,0.6629117727279663,1,1
AXON__axon_7621cfa6871b0f,1,0.10051028430461884,0,0
AXON__axon_766c7cca8bbd4c,0,0.5748798847198486,1,1
AXON__axon_772d72f22704f4,1,0.206431582570076,0,1
AXON__axon_775e72a77f194c,1,0.6595031023025513,1,1
AXON__axon_7765af6caf4876,1,0.31997233629226685,0,1
AXON__axon_788ca130383912,1,0.17349039018154144,0,1
AXON__axon_7896fae7ed28ae,1,0.6417882442474365,1,1
AXON__axon_795b2c196dda0d,1,0.4261418581008911,0,1
AXON__axon_795b3f12d453d3,1,0.6355533599853516,1,1
AXON__axon_79da3a3dde5a35,1,0.18895334005355835,0,1
AXON__axon_79f5afbfa1c0fe,1,0.34305667877197266,0,1
AXON__axon_7a44e58ab7c69f,1,0.5816218256950378,1,1
AXON__axon_7a9f93fba56118,0,0.5718086361885071,1,1
AXON__axon_7bc25bae75075c,1,0.21491318941116333,0,1
AXON__axon_7bc9ddd2a51241,1,0.6726144552230835,1,1
AXON__axon_7c39c1e013a23c,1,0.6795769929885864,1,1
AXON__axon_7dc843642a1d2e,1,0.10695347934961319,0,1
AXON__axon_7e341a728db8ea,1,0.10347726941108704,0,0
AXON__axon_7e7e66f21d82e0,0,0.08890615403652191,0,0
AXON__axon_7e8ff82b479e0e,1,0.0970495194196701,0,0
AXON__axon_7edfc0d54d5750,1,0.6658564209938049,1,1
AXON__axon_7f19b944f47a37,1,0.6718791127204895,1,1
AXON__axon_7f5543f6312bd3,1,0.1839636266231537,0,1
AXON__axon_7fc3a8c30578c6,1,0.5992385149002075,1,1
AXON__axon_810c40b815c62a,1,0.50704026222229,1,1
AXON__axon_8113416565ed8d,1,0.3356407880783081,0,1
AXON__axon_81144a7994eddf,1,0.5387833118438721,1,1
AXON__axon_82308ca4c7e5e9,1,0.6572713255882263,1,1
AXON__axon_824f27144ebf97,1,0.10407958924770355,0,0
AXON__axon_8271d0d17492bd,1,0.09372578561306,0,0
AXON__axon_8311f0016efdf9,1,0.6140580177307129,1,1
AXON__axon_843967fdf8ca46,1,0.6315276026725769,1,1
AXON__axon_864159e73e4a9f,1,0.17019425332546234,0,1
AXON__axon_867ee47dfad787,1,0.40930649638175964,0,1
AXON__axon_877759053355b2,1,0.606096625328064,1,1
AXON__axon_886229787319b3,1,0.6866897940635681,1,1
AXON__axon_89c42b00588423,1,0.15171213448047638,0,1
AXON__axon_8a50152612fe04,1,0.6365704536437988,1,1
AXON__axon_8b3e6fd7bd4f2b,1,0.6716322302818298,1,1
AXON__axon_8c58d558217f5a,1,0.09325847774744034,0,0
AXON__axon_8c5e45db87d9fb,1,0.16518446803092957,0,1
AXON__axon_8d7d22b9d373a3,1,0.6002585291862488,1,1
AXON__axon_8d82e0cdc69ccd,1,0.5344090461730957,1,1
AXON__axon_8da117f35d3b25,1,0.586239755153656,1,1
AXON__axon_8e78fcc1d1643d,1,0.24469812214374542,0,1
AXON__axon_8e9a2f84db32f0,1,0.08844174444675446,0,0
AXON__axon_90d561225042ff,1,0.5725240707397461,1,1
AXON__axon_91f3ac08039364,1,0.6864160299301147,1,1
AXON__axon_92db22ef6ea37f,1,0.5538254976272583,1,1
AXON__axon_9537301a91f6a4,1,0.33122602105140686,0,1
AXON__axon_956e5b786dec0a,1,0.2844368517398834,0,1
AXON__axon_959356e6c5aece,1,0.22074103355407715,0,1
AXON__axon_95e592245c7e76,1,0.5619721412658691,1,1
AXON__axon_9656824fe69c26,1,0.13625097274780273,0,1
AXON__axon_9658b4b184e855,1,0.15824373066425323,0,1
AXON__axon_96891a505a5575,1,0.24485860764980316,0,1
AXON__axon_96be1e70d4ee15,1,0.6797372102737427,1,1
AXON__axon_972d6f65825b75,1,0.17124797403812408,0,1
AXON__axon_97b90bed290a79,1,0.41825807094573975,0,1
AXON__axon_9836bb1ba74ab6,1,0.28657588362693787,0,1
AXON__axon_98479557519dcd,1,0.6669493317604065,1,1
AXON__axon_98512dfbea272c,1,0.33583107590675354,0,1
AXON__axon_99ef925e0fab01,1,0.1675056666135788,0,1
AXON__axon_9afdf18d87b7b5,1,0.10959355533123016,0,1
AXON__axon_9b18787c8ee8ab,1,0.2789844870567322,0,1
AXON__axon_9be55e57aadbd2,1,0.4753754734992981,0,1
AXON__axon_9c03518a0a7167,1,0.16912738978862762,0,1
AXON__axon_9c91e76931b346,1,0.09706201404333115,0,0
AXON__axon_9c92738aaf1f5b,0,0.1961069256067276,0,1
AXON__axon_9d5d062abe0b93,1,0.20062841475009918,0,1
AXON__axon_9e4812a9e6d48b,1,0.636897623538971,1,1
AXON__axon_9ee77d696da070,1,0.35071319341659546,0,1
AXON__axon_9f2ea61a6394ac,1,0.29366767406463623,0,1
AXON__axon_9f76024484f22e,1,0.6722875833511353,1,1
AXON__axon_9f9b1610afb4db,1,0.38276010751724243,0,1
AXON__axon_a039db311a6938,1,0.1715918630361557,0,1
AXON__axon_a0fab42e43d442,1,0.20785929262638092,0,1
AXON__axon_a1a5d343b31378,1,0.18909761309623718,0,1
AXON__axon_a1b5f5b8f37158,1,0.1508771777153015,0,1
AXON__axon_a392b966c5c407,1,0.5271018147468567,1,1
AXON__axon_a54b7c0474627c,1,0.670986533164978,1,1
AXON__axon_a5a0fef3fd08a5,1,0.08960042893886566,0,0
AXON__axon_a5dab0966ae6b6,0,0.24902527034282684,0,1
AXON__axon_a5dfe0fbbfe9a3,1,0.11534230411052704,0,1
AXON__axon_a627f46a2c875d,1,0.6943601369857788,1,1
AXON__axon_a6a8f75eb372c6,1,0.3689453899860382,0,1
AXON__axon_a71e642ca295c0,1,0.6882960796356201,1,1
AXON__axon_a855a359dbda22,1,0.6910642981529236,1,1
AXON__axon_a86d7a2fccc5c2,1,0.14188021421432495,0,1
AXON__axon_a8c0830bceff8f,1,0.11596233397722244,0,1
AXON__axon_a9082229a9fc0a,1,0.19393093883991241,0,1
AXON__axon_a97a2eb72b9c09,1,0.08816493302583694,0,0
AXON__axon_a9820df591ed2a,1,0.17279981076717377,0,1
AXON__axon_a999d1fd779510,1,0.21150881052017212,0,1
AXON__axon_a99b9e498eeb40,0,0.26224029064178467,0,1
AXON__axon_a9cd293dfc8db9,1,0.09094711393117905,0,0
AXON__axon_a9d33d2979a311,1,0.0866340845823288,0,0
AXON__axon_aaf7a68f0cafc3,1,0.2810657024383545,0,1
AXON__axon_ab861d19a814c0,1,0.4704309105873108,0,1
AXON__axon_abc0e499b4f052,1,0.08844174444675446,0,0
AXON__axon_abfc444e340bc2,1,0.09325847774744034,0,0
AXON__axon_ac5d454a6c85e6,1,0.16773036122322083,0,1
AXON__axon_ac9306e7546113,1,0.12484496831893921,0,1
AXON__axon_acab708286bb39,1,0.6666713953018188,1,1
AXON__axon_ace1d8e327c387,1,0.100568488240242,0,0
AXON__axon_aedab2d5e2ce38,1,0.6790013313293457,1,1
AXON__axon_afb7cd0f3ebc52,1,0.6435304284095764,1,1
AXON__axon_b004d919b2d254,1,0.15262140333652496,0,1
AXON__axon_b0ce1d3023e877,1,0.17502813041210175,0,1
AXON__axon_b1c05f10d34d91,1,0.1853429228067398,0,1
AXON__axon_b1d356a8aab48a,1,0.09624363481998444,0,0
AXON__axon_b257b92db77dd8,1,0.637869656085968,1,1
AXON__axon_b32f797dbb4a0e,1,0.48245492577552795,0,1
AXON__axon_b3380fa6c46904,1,0.22773851454257965,0,1
AXON__axon_b47f3c1a47da34,1,0.6881980299949646,1,1
AXON__axon_b5b5041481342a,1,0.17787498235702515,0,1
AXON__axon_b60d87c46bd9bc,1,0.5905550122261047,1,1
AXON__axon_b865fa26f96ce3,1,0.5873024463653564,1,1
AXON__axon_b8d80b564030a0,1,0.17397043108940125,0,1
AXON__axon_b9c24ea3f63add,1,0.16912738978862762,0,1
AXON__axon_b9fbc8dc4b5f33,1,0.13047949969768524,0,1
AXON__axon_ba280827b5764f,1,0.21147498488426208,0,1
AXON__axon_bb4df5c29dfc2c,1,0.6523180603981018,1,1
AXON__axon_bbcbc14a3a9861,1,0.6539357304573059,1,1
AXON__axon_bbe1dd008213aa,1,0.6194649338722229,1,1
AXON__axon_bc683e4a2049fe,1,0.6444121599197388,1,1
AXON__axon_bc7fe50c9752fa,1,0.10300587117671967,0,0
AXON__axon_bfd59699000050,1,0.11049869656562805,0,1
AXON__axon_c0bd0ed717543f,1,0.11371434479951859,0,1
AXON__axon_c11680fa7dc201,1,0.6782358884811401,1,1
AXON__axon_c14b2bb21dad5c,1,0.6471971273422241,1,1
AXON__axon_c214c55c4976ad,1,0.6279886364936829,1,1
AXON__axon_c216fb36196c49,1,0.08491778373718262,0,0
AXON__axon_c23643bdfc7a6c,1,0.6362907290458679,1,1
AXON__axon_c23a0cebf1d8de,1,0.7032730579376221,1,1
AXON__axon_c25e35eb3d0e4a,1,0.3508034646511078,0,1
AXON__axon_c38e96a4b60a44,1,0.6407942175865173,1,1
AXON__axon_c3ac901b150362,1,0.11990625411272049,0,1
AXON__axon_c3d1bc594aa47b,1,0.1659010648727417,0,1
AXON__axon_c439f70c151aa9,1,0.5139986872673035,1,1
AXON__axon_c4664e11311824,1,0.2810657024383545,0,1
AXON__axon_c48fca2063fc73,1,0.4641931653022766,0,1
AXON__axon_c5b670c71344f6,1,0.6209796071052551,1,1
AXON__axon_c74d3c1fa00750,1,0.12529852986335754,0,1
AXON__axon_c812ebddb7dcba,1,0.3609020411968231,0,1
AXON__axon_c82f65cd8b730f,1,0.46832650899887085,0,1
AXON__axon_c884c8a2004403,1,0.5433341860771179,1,1
AXON__axon_c9fe564afe194e,1,0.08343885838985443,0,0
AXON__axon_cb7d00be5e80fd,1,0.18512731790542603,0,1
AXON__axon_cbeddf907de39b,1,0.6622863411903381,1,1
AXON__axon_ccb2ef467b6922,1,0.6799860000610352,1,1
AXON__axon_ccf1cf901a9eec,1,0.6703783869743347,1,1
AXON__axon_cd324a17ec22da,1,0.6961571574211121,1,1
AXON__axon_cdf555457226cb,1,0.08529925346374512,0,0
AXON__axon_ce4b28e75d0239,1,0.6942560076713562,1,1
AXON__axon_ce98bced3d2982,1,0.5978002548217773,1,1
AXON__axon_cf16fa8a5dc75a,1,0.2695186138153076,0,1
AXON__axon_cf58f9e02cd871,1,0.596036970615387,1,1
AXON__axon_cf766848817a97,1,0.6917621493339539,1,1
AXON__axon_d0018a15567bd9,1,0.16350744664669037,0,1
AXON__axon_d065c4c05140c8,1,0.6454876661300659,1,1
AXON__axon_d10afd0233dd87,1,0.29779791831970215,0,1
AXON__axon_d1b65de67a996a,1,0.6714501976966858,1,1
AXON__axon_d29a899c1df618,1,0.4726223349571228,0,1
AXON__axon_d2f3d9665d7b7b,1,0.6837413907051086,1,1
AXON__axon_d35bbef69e2887,1,0.657848596572876,1,1
AXON__axon_d38598a39edb7a,0,0.1974359154701233,0,1
AXON__axon_d43aba9f10852f,1,0.26430797576904297,0,1
AXON__axon_d4ffc4f33ed0f0,1,0.22160163521766663,0,1
AXON__axon_d51718a5debe97,1,0.6704562306404114,1,1
AXON__axon_d682f196af1581,1,0.6086606383323669,1,1
AXON__axon_d7a4c79e189e1c,1,0.16469457745552063,0,1
AXON__axon_d7b3e9997ae2de,1,0.6680281162261963,1,1
AXON__axon_d836abce754c78,1,0.643855631351471,1,1
AXON__axon_d8adc896b5d8f9,0,0.15826791524887085,0,1
AXON__axon_dd5c9678481443,1,0.5979579091072083,1,1
AXON__axon_dd96594c233140,1,0.17436249554157257,0,1
AXON__axon_dde246e23665fc,1,0.6635524034500122,1,1
AXON__axon_defa3c46b14599,1,0.6433330178260803,1,1
AXON__axon_df0224791e8bad,1,0.6357304453849792,1,1
AXON__axon_df7c308bb0d4b6,1,0.5254452228546143,1,1
AXON__axon_e01e7b44897492,1,0.11098011583089828,0,1
AXON__axon_e1170641314a56,1,0.29779791831970215,0,1
AXON__axon_e15e42afd6b823,1,0.15171213448047638,0,1
AXON__axon_e1776488d1efe2,1,0.684238076210022,1,1
AXON__axon_e198d1450674c9,1,0.6107243299484253,1,1
AXON__axon_e2bf2e069d12e4,1,0.16714850068092346,0,1
AXON__axon_e3106b62013d35,1,0.08844204246997833,0,0
AXON__axon_e3420340d85799,1,0.2524551749229431,0,1
AXON__axon_e35b86471fa706,1,0.4357498288154602,0,1
AXON__axon_e3d34d2f687d49,1,0.6448882222175598,1,1
AXON__axon_e46d6d13a75285,1,0.4872189164161682,0,1
AXON__axon_e5d021bec2eb4b,1,0.102783203125,0,0
AXON__axon_e62691b48f37ef,1,0.3823834955692291,0,1
AXON__axon_e6f110a86892ed,1,0.6691705584526062,1,1
AXON__axon_e78feceb5840cd,1,0.6603205800056458,1,1
AXON__axon_e83b20a848b3da,0,0.1974359154701233,0,1
AXON__axon_e8b1c0d0f65b46,1,0.0959615632891655,0,0
AXON__axon_e8cbe5b865c2c7,1,0.0882047489285469,0,0
AXON__axon_eaab2607dea9ad,1,0.6651256084442139,1,1
AXON__axon_eaf912c4013764,1,0.12238450348377228,0,1
AXON__axon_eafc3880d683e6,1,0.512538731098175,1,1
AXON__axon_ec34adc33df14b,1,0.6191948652267456,1,1
AXON__axon_ec443a6845ffc7,1,0.12475521117448807,0,1
AXON__axon_ec88d9e95ce97a,1,0.6817600131034851,1,1
AXON__axon_ec94d097bd4d88,1,0.6355788111686707,1,1
AXON__axon_ec9a57a21308ae,1,0.2927004396915436,0,1
AXON__axon_ed097e0332c4fe,1,0.12018794566392899,0,1
AXON__axon_ed6e9ed4eaa436,1,0.6464763283729553,1,1
AXON__axon_edf14692208b4f,1,0.6676041483879089,1,1
AXON__axon_eea6ed39b445d7,1,0.6900235414505005,1,1
AXON__axon_efb38ad42d11e8,1,0.6822450757026672,1,1
AXON__axon_f1f2d50e34c0b2,1,0.11990625411272049,0,1
AXON__axon_f243c200fe4c26,1,0.16486802697181702,0,1
AXON__axon_f3bc8547d76925,1,0.4753451347351074,0,1
AXON__axon_f3f94e854adcb4,1,0.5345405340194702,1,1
AXON__axon_f4547adec8035f,1,0.6652733087539673,1,1
AXON__axon_f5d37f5a79bf00,1,0.096110999584198,0,0
AXON__axon_f61af407c9349e,1,0.17614372074604034,0,1
AXON__axon_f6225c5d89c8ab,1,0.22133925557136536,0,1
AXON__axon_f6b07cdadc7057,1,0.09611489623785019,0,0
AXON__axon_f8f317a7a9a1d8,1,0.6721442937850952,1,1
AXON__axon_f9d1b996b6c199,1,0.6444121599197388,1,1
AXON__axon_fa2c36dd7c87e5,1,0.096110999584198,0,0
AXON__axon_fbc6936145f41f,1,0.6242682337760925,1,1
AXON__axon_fcbebfd75c8f2b,1,0.6673208475112915,1,1
AXON__axon_fd51fefcd06db7,1,0.6744282841682434,1,1
AXON__axon_fd924bf292f843,1,0.16306661069393158,0,1
AXON__axon_fd96dd0a470139,0,0.25996074080467224,0,1
AXON__axon_fde455b974bfec,1,0.6697973012924194,1,1
AXON__axon_fe2187e1363d5e,1,0.09853183478116989,0,0
AXON__axon_fe58da037a6287,1,0.65300053358078,1,1
AXON__axon_febccc0ae4e7be,1,0.11534230411052704,0,1
CASIA__11_1,0,0.09898246079683304,0,0
CASIA__11_2,0,0.07584203034639359,0,0
CASIA__11_3,1,0.2455439418554306,0,1
CASIA__11_4,1,0.1028815284371376,0,0
CASIA__11_5,1,0.24140964448451996,0,1
CASIA__11_6,1,0.25984662771224976,0,1
CASIA__11_7,1,0.22089815139770508,0,1
CASIA__11_8,1,0.2158225029706955,0,1
CASIA__12_1,0,0.07092965394258499,0,0
CASIA__12_2,0,0.1564740389585495,0,1
CASIA__12_3,1,0.09760836511850357,0,0
CASIA__12_4,1,0.06565701961517334,0,0
CASIA__12_5,1,0.1240144670009613,0,1
CASIA__12_6,1,0.11270724982023239,0,1
CASIA__12_7,1,0.2948496341705322,0,1
CASIA__12_8,1,0.243988037109375,0,1
CASIA__14_1,0,0.16567344963550568,0,1
CASIA__14_2,0,0.22151169180870056,0,1
CASIA__14_3,1,0.07033856958150864,0,0
CASIA__14_4,1,0.09117920696735382,0,0
CASIA__14_5,1,0.3100235164165497,0,1
CASIA__14_6,1,0.1063428744673729,0,1
CASIA__14_7,1,0.31273946166038513,0,1
CASIA__14_8,1,0.1345520317554474,0,1
CASIA__15_1,0,0.09272949397563934,0,0
CASIA__15_2,0,0.09458421915769577,0,0
CASIA__15_3,1,0.20998543500900269,0,1
CASIA__15_4,1,0.19653938710689545,0,1
CASIA__15_5,1,0.16438879072666168,0,1
CASIA__15_6,1,0.10999760776758194,0,1
CASIA__15_7,1,0.17680467665195465,0,1
CASIA__15_8,1,0.12150736153125763,0,1
CASIA__16_1,0,0.0723954290151596,0,0
CASIA__16_2,0,0.06438189744949341,0,0
CASIA__16_3,1,0.17820753157138824,0,1
CASIA__16_4,1,0.07452041655778885,0,0
CASIA__16_5,1,0.10867699980735779,0,1
CASIA__16_6,1,0.18123887479305267,0,1
CASIA__16_7,1,0.2547400891780853,0,1
CASIA__16_8,1,0.10390164703130722,0,0
CASIA__19_1,0,0.07048968225717545,0,0
CASIA__19_2,0,0.10620445013046265,0,1
CASIA__19_3,1,0.11738773435354233,0,1
CASIA__19_4,1,0.09762074798345566,0,0
CASIA__19_5,1,0.10543838888406754,0,1
CASIA__19_6,1,0.11764766275882721,0,1
CASIA__19_7,1,0.21658751368522644,0,1
CASIA__19_8,1,0.12632329761981964,0,1
CASIA__1_1,0,0.07147769629955292,0,0
CASIA__1_2,0,0.23332101106643677,0,1
CASIA__1_3,1,0.06550715863704681,0,0
CASIA__1_4,1,0.13552226126194,0,1
CASIA__1_5,1,0.08269383758306503,0,0
CASIA__1_6,1,0.11719395965337753,0,1
CASIA__1_7,1,0.09284519404172897,0,0
CASIA__1_8,1,0.09622235596179962,0,0
CASIA__20_1,0,0.07350548356771469,0,0
CASIA__20_2,0,0.0979807898402214,0,0
CASIA__20_3,1,0.1166267842054367,0,1
CASIA__20_4,1,0.085860475897789,0,0
CASIA__20_5,1,0.10197138041257858,0,0
CASIA__20_6,1,0.11151780933141708,0,1
CASIA__20_7,1,0.30266425013542175,0,1
CASIA__20_8,1,0.13081808388233185,0,1
CASIA__21_1,0,0.06995654851198196,0,0
CASIA__21_2,0,0.10109607130289078,0,0
CASIA__21_3,1,0.18058565258979797,0,1
CASIA__21_4,1,0.09656351059675217,0,0
CASIA__21_5,1,0.11726688593626022,0,1
CASIA__21_6,1,0.21093586087226868,0,1
CASIA__21_7,1,0.30700448155403137,0,1
CASIA__21_8,1,0.13868843019008636,0,1
CASIA__22_1,0,0.10091123729944229,0,0
CASIA__22_2,0,0.29469284415245056,0,1
CASIA__22_3,1,0.08231706917285919,0,0
CASIA__22_4,1,0.09704170376062393,0,0
CASIA__22_5,1,0.32713934779167175,0,1
CASIA__22_6,1,0.12065856903791428,0,1
CASIA__22_7,1,0.2789735496044159,0,1
CASIA__22_8,1,0.13089774549007416,0,1
CASIA__23_1,0,0.09635372459888458,0,0
CASIA__23_2,0,0.1070055365562439,0,1
CASIA__23_3,1,0.0726117193698883,0,0
CASIA__23_4,1,0.0763995498418808,0,0
CASIA__23_5,1,0.06655120104551315,0,0
CASIA__23_6,1,0.1377573311328888,0,1
CASIA__23_7,1,0.34778842329978943,0,1
CASIA__23_8,1,0.1426294893026352,0,1
CASIA__24_1,0,0.16109636425971985,0,1
CASIA__24_2,0,0.09680943191051483,0,0
CASIA__24_3,1,0.07977857440710068,0,0
CASIA__24_4,1,0.06507796794176102,0,0
CASIA__24_5,1,0.3346031606197357,0,1
CASIA__24_6,1,0.10100334137678146,0,0
CASIA__24_7,1,0.29078444838523865,0,1
CASIA__24_8,1,0.2603275179862976,0,1
CASIA__25_1,0,0.09478524327278137,0,0
CASIA__25_2,0,0.10179047286510468,0,0
CASIA__25_3,1,0.2642691135406494,0,1
CASIA__25_4,1,0.09631703048944473,0,0
CASIA__25_5,1,0.11924298852682114,0,1
CASIA__25_6,1,0.14491912722587585,0,1
CASIA__25_7,1,0.15877734124660492,0,1
CASIA__25_8,1,0.23505069315433502,0,1
CASIA__26_1,0,0.11313387006521225,0,1
CASIA__26_2,0,0.09252437949180603,0,0
CASIA__26_3,1,0.07885183393955231,0,0
CASIA__26_4,1,0.17721493542194366,0,1
CASIA__26_5,1,0.09808686375617981,0,0
CASIA__26_6,1,0.11150345206260681,0,1
CASIA__26_7,1,0.18408243358135223,0,1
CASIA__26_8,1,0.12340810149908066,0,1
CASIA__27_1,0,0.09241113066673279,0,0
CASIA__27_2,0,0.10268500447273254,0,0
CASIA__27_3,1,0.14738087356090546,0,1
CASIA__27_4,1,0.08673440665006638,0,0
CASIA__27_5,1,0.10015720129013062,0,0
CASIA__27_6,1,0.12247567623853683,0,1
CASIA__27_7,1,0.2507569491863251,0,1
CASIA__27_8,1,0.287752240896225,0,1
CASIA__28_1,0,0.06777086853981018,0,0
CASIA__28_2,0,0.08381510525941849,0,0
CASIA__28_3,1,0.101631760597229,0,0
CASIA__28_4,1,0.285597026348114,0,1
CASIA__28_5,1,0.15457016229629517,0,1
CASIA__28_6,1,0.11312893033027649,0,1
CASIA__28_7,1,0.11169560998678207,0,1
CASIA__28_8,1,0.12065241485834122,0,1
CASIA__2_1,0,0.09131529182195663,0,0
CASIA__2_2,0,0.09994550794363022,0,0
CASIA__2_3,1,0.28566133975982666,0,1
CASIA__2_4,1,0.09714838862419128,0,0
CASIA__2_5,1,0.1767175942659378,0,1
CASIA__2_6,1,0.12717077136039734,0,1
CASIA__2_7,1,0.07140105217695236,0,0
CASIA__2_8,1,0.11217469722032547,0,1
CASIA__30_1,0,0.11046148091554642,0,1
CASIA__30_2,0,0.07544798403978348,0,0
CASIA__30_3,1,0.08935188502073288,0,0
CASIA__30_4,1,0.09397408366203308,0,0
CASIA__30_5,1,0.09170321375131607,0,0
CASIA__30_6,1,0.13653357326984406,0,1
CASIA__30_7,1,0.23291480541229248,0,1
CASIA__30_8,1,0.14442427456378937,0,1
CASIA__4_1,0,0.09626815468072891,0,0
CASIA__4_2,0,0.09984125196933746,0,0
CASIA__4_3,1,0.21806812286376953,0,1
CASIA__4_4,1,0.11111525446176529,0,1
CASIA__4_5,1,0.06936492770910263,0,0
CASIA__4_6,1,0.1244010180234909,0,1
CASIA__4_7,1,0.14898313581943512,0,1
CASIA__4_8,1,0.173313170671463,0,1
CASIA__5_1,0,0.0694357380270958,0,0
CASIA__5_2,0,0.14004068076610565,0,1
CASIA__5_3,1,0.06503482908010483,0,0
CASIA__5_4,1,0.10987459123134613,0,1
CASIA__5_5,1,0.1515170782804489,0,1
CASIA__5_6,1,0.23278582096099854,0,1
CASIA__5_7,1,0.2494714856147766,0,1
CASIA__5_8,1,0.08408452570438385,0,0
CASIA__6_1,0,0.10650553554296494,0,1
CASIA__6_2,0,0.1008465588092804,0,0
CASIA__6_3,1,0.0977567732334137,0,0
CASIA__6_4,1,0.09817225486040115,0,0
CASIA__6_5,1,0.11976077407598495,0,1
CASIA__6_6,1,0.1835223138332367,0,1
CASIA__6_7,1,0.14551861584186554,0,1
CASIA__6_8,1,0.24452826380729675,0,1
CASIA__7_1,0,0.07358752936124802,0,0
CASIA__7_2,0,0.11672528088092804,0,1
CASIA__7_3,1,0.09736872464418411,0,0
CASIA__7_4,1,0.17514392733573914,0,1
CASIA__7_5,1,0.10454431921243668,0,0
CASIA__7_6,1,0.09287088364362717,0,0
CASIA__7_7,1,0.24789047241210938,0,1
CASIA__7_8,1,0.27635428309440613,0,1
CASIA__8_1,0,0.09262239933013916,0,0
CASIA__8_2,0,0.0964973121881485,0,0
CASIA__8_3,1,0.11905346065759659,0,1
CASIA__8_4,1,0.0918176919221878,0,0
CASIA__8_5,1,0.07099048048257828,0,0
CASIA__8_6,1,0.08963996171951294,0,0
CASIA__8_7,1,0.33379602432250977,0,1
CASIA__8_8,1,0.23526476323604584,0,1
CASIA__9_1,0,0.0956207662820816,0,0
CASIA__9_2,0,0.09487217664718628,0,0
CASIA__9_3,1,0.26686328649520874,0,1
CASIA__9_4,1,0.06622704118490219,0,0
CASIA__9_5,1,0.13968415558338165,0,1
CASIA__9_6,1,0.09472929686307907,0,0
CASIA__9_7,1,0.25134411454200745,0,1
CASIA__9_8,1,0.2288183569908142,0,1
LOCAL_REAL__p01_iphone_normal_t01.mp4,0,0.12704843282699585,0,1
LOCAL_REAL__p02_pc_normal_t01.mp4,0,0.09696776419878006,0,0
LOCAL_REAL__p02_pc_normal_t02.mp4,0,0.26725661754608154,0,1
LOCAL_REAL__p02_pc_normal_t03.mp4,0,0.09485527873039246,0,0
LOCAL_REAL__p02_samsung_normal_t01.mp4,0,0.10694248974323273,0,1
LOCAL_REAL__p02_samsung_normal_t02.mp4,0,0.29264402389526367,0,1
LOCAL_REAL__p02_samsung_normal_t03.mp4,0,0.15452107787132263,0,1
LOCAL_REAL__p02_samsung_normal_t04.mp4,0,0.16713081300258636,0,1
LOCAL_REAL__p02_samsung_normal_t05.mp4,0,0.2793480455875397,0,1
LOCAL_REAL__p02_samsung_normal_t06.mp4,0,0.10871746391057968,0,1
LOCAL_REAL__p02_samsung_normal_t07.mp4,0,0.2793480455875397,0,1
LOCAL_REAL__p02_samsung_normal_t08.mp4,0,0.458965927362442,0,1
LOCAL_REAL__p02_samsung_normal_t09.mp4,0,0.17468546330928802,0,1
LOCAL_REAL__p03_samsung_normal_t01.mp4,0,0.14198635518550873,0,1
LOCAL_REAL__p03_samsung_normal_t02.mp4,0,0.08163071423768997,0,0
LOCAL_REAL__p03_samsung_normal_t03.mp4,0,0.41435226798057556,0,1
LOCAL_REAL__p03_samsung_normal_t04.mp4,0,0.12063512951135635,0,1
LOCAL_REAL__p03_samsung_normal_t05.mp4,0,0.13669581711292267,0,1
LOCAL_REAL__p04_samsung_normal_t01.mp4,0,0.6666435599327087,1,1
LOCAL_REAL__p05_samsung_normal_t01.mp4,0,0.11837472021579742,0,1
LOCAL_REAL__p05_samsung_normal_t02.mp4,0,0.0900895968079567,0,0
LOCAL_REAL__p06_samsung_normal_t01.mp4,0,0.34084320068359375,0,1
LOCAL_REAL__p06_samsung_normal_t02.mp4,0,0.35611018538475037,0,1
LOCAL_REAL__p06_samsung_normal_t03.mp4,0,0.34084320068359375,0,1
LOCAL_REAL__p07_samsung_normal_t01.mp4,0,0.1773892641067505,0,1
LOCAL_REAL__p07_samsung_normal_t02.mp4,0,0.18403644859790802,0,1
LOCAL_REAL__p08_iphone_normal_t01.mp4,0,0.10807284712791443,0,1
LOCAL_REAL__p08_iphone_normal_t02.mp4,0,0.08804820477962494,0,0
LOCAL_REAL__p08_iphone_normal_t03.mp4,0,0.0949811041355133,0,0
LOCAL_REAL__p09_iphone_normal_t01.mp4,0,0.6420526504516602,1,1
LOCAL_REAL__p09_iphone_normal_t02.mp4,0,0.4061363935470581,0,1
LOCAL_REAL__p09_pc_normal_t01.mp4,0,0.08628077805042267,0,0
LOCAL_REAL__p09_pc_normal_t02.mp4,0,0.08628077805042267,0,0
LOCAL_REAL__p09_pc_normal_t03.mp4,0,0.08628077805042267,0,0
LOCAL_REAL__p09_pc_normal_t04.mp4,0,0.08989080041646957,0,0
LOCAL_REAL__p09_pc_normal_t05.mp4,0,0.08898559957742691,0,0
LOCAL_REAL__p09_pc_normal_t06.mp4,0,0.09489236772060394,0,0
LOCAL_REAL__p10_redmi_normal_t01.mp4,0,0.7208813428878784,1,1
MSU_MFSD__real_client001_android_SD_scene01,0,0.1773114949464798,0,1
MSU_MFSD__real_client001_laptop_SD_scene01,0,0.12708856165409088,0,1
MSU_MFSD__real_client002_android_SD_scene01,0,0.11450780183076859,0,1
MSU_MFSD__real_client002_laptop_SD_scene01,0,0.13388749957084656,0,1
MSU_MFSD__real_client003_laptop_SD_scene01,0,0.11881282180547714,0,1
MSU_MFSD__real_client005_laptop_SD_scene01,0,0.11705295741558075,0,1
MSU_MFSD__real_client006_laptop_SD_scene01,0,0.11936261504888535,0,1
MSU_MFSD__real_client007_laptop_SD_scene01,0,0.12209274619817734,0,1
MSU_MFSD__real_client008_laptop_SD_scene01,0,0.1252819001674652,0,1
MSU_MFSD__real_client009_laptop_SD_scene01,0,0.09884825348854065,0,0
MSU_MFSD__real_client011_android_SD_scene01,0,0.07415525615215302,0,0
MSU_MFSD__real_client011_laptop_SD_scene01,0,0.12638704478740692,0,1
MSU_MFSD__real_client012_android_SD_scene01,0,0.08100920915603638,0,0
MSU_MFSD__real_client012_laptop_SD_scene01,0,0.11198100447654724,0,1
MSU_MFSD__real_client013_android_SD_scene01,0,0.07312127202749252,0,0
MSU_MFSD__real_client013_laptop_SD_scene01,0,0.11563178151845932,0,1
MSU_MFSD__real_client014_android_SD_scene01,0,0.10984677821397781,0,1
MSU_MFSD__real_client014_laptop_SD_scene01,0,0.13368646800518036,0,1
MSU_MFSD__real_client021_android_SD_scene01,0,0.4709819555282593,0,1
MSU_MFSD__real_client021_laptop_SD_scene01,0,0.15985651314258575,0,1
MSU_MFSD__real_client022_android_SD_scene01,0,0.08717247098684311,0,0
MSU_MFSD__real_client022_laptop_SD_scene01,0,0.14863304793834686,0,1
MSU_MFSD__real_client023_android_SD_scene01,0,0.18967220187187195,0,1
MSU_MFSD__real_client023_laptop_SD_scene01,0,0.15925315022468567,0,1
MSU_MFSD__real_client024_android_SD_scene01,0,0.6194759011268616,1,1
MSU_MFSD__real_client024_laptop_SD_scene01,0,0.18845053017139435,0,1
MSU_MFSD__real_client026_android_SD_scene01,0,0.15970216691493988,0,1
MSU_MFSD__real_client026_laptop_SD_scene01,0,0.10886455327272415,0,1
MSU_MFSD__real_client028_android_SD_scene01,0,0.09178631752729416,0,0
MSU_MFSD__real_client028_laptop_SD_scene01,0,0.11127284914255142,0,1
MSU_MFSD__real_client029_android_SD_scene01,0,0.12560364603996277,0,1
MSU_MFSD__real_client029_laptop_SD_scene01,0,0.11607889831066132,0,1
MSU_MFSD__real_client030_android_SD_scene01,0,0.11086567491292953,0,1
MSU_MFSD__real_client030_laptop_SD_scene01,0,0.12948739528656006,0,1
MSU_MFSD__real_client032_android_SD_scene01,0,0.14309896528720856,0,1
MSU_MFSD__real_client032_laptop_SD_scene01,0,0.14944183826446533,0,1
MSU_MFSD__real_client033_android_SD_scene01,0,0.08725927770137787,0,0
MSU_MFSD__real_client033_laptop_SD_scene01,0,0.10092462599277496,0,0
MSU_MFSD__real_client034_android_SD_scene01,0,0.1408683806657791,0,1
MSU_MFSD__real_client034_laptop_SD_scene01,0,0.15570200979709625,0,1
MSU_MFSD__real_client035_android_SD_scene01,0,0.10182731598615646,0,0
MSU_MFSD__real_client035_laptop_SD_scene01,0,0.10432875901460648,0,0
