video_id,label,score_visual,ear_mean,ear_std,ear_min,ear_max,blink_count,motion_mean,motion_std,motion_max,skipped_rate,rppg_dominant_freq,rppg_hr_estimate,rppg_snr,rppg_signal_std,rppg_skipped_rate,rppg_valid,score_behavior,score_rppg,score_fusion_v4,pred_fusion_v4,decision_v4,decision_reason
REALVSFAKE__test_attack_56,1,0.9997230172157288,-0.2867618155745051,0.6448392283019708,-0.5040098480912624,-0.0010366642956141,2.965098913529278,2.865416823949745,2.089609703973852,91.24271212116776,0.6707636939525575,-0.5719669086578558,-0.5719672332831978,-0.7915277373826112,4.683304909543294,0.6707636939525575,0.5172821910784443,1.5819166556493718e-19,0.5853183707783475,0.8290443323115004,1,REJECT,high_spoof_score
REALVSFAKE__test_attack_58,1,0.9939263463020324,-0.3220311451714118,0.6909652085029859,-0.6227545535981678,0.1195010391300841,0.9350851453321708,1.4923758624864505,1.545929688429953,49.6350068253634,0.0082358434455293,-0.6428003129199317,-0.6428003138490451,-0.1496866410002159,5.690504767523498,0.0082358434455293,0.5172821910784443,3.22247361561003e-11,0.3317151223338092,0.8117268331631501,1,REJECT,high_spoof_score
REALVSFAKE__test_attack_59,1,0.9177306890487672,-0.2907082357334087,0.6329164527979133,-0.6095034736562301,-0.0590250547136919,0.9350851453321708,1.7197823150186908,1.4273587118170163,84.98388070189678,-0.1573961191812276,-0.1993921612361024,-0.1993931325987324,-0.6118783564344219,0.909210826323243,-0.1573961191812276,0.5172821910784443,8.288596082158759e-19,0.49091744996993864,0.7587304237375108,1,REJECT,high_spoof_score
REALVSFAKE__test_attack_60,1,0.9985643029212952,-0.2776163764348314,0.5889048813028758,-0.4474764173743948,-0.0652435812338974,0.9350851453321708,1.1919025938635637,1.554359132972004,18.19221655077255,-0.1573961191812276,0.3299990388083261,0.3299990406393964,-0.979680034089909,0.1956484654003449,-0.1573961191812276,0.5172821910784443,0.00014976866960775124,0.49444172490472854,0.8235959938827138,1,REJECT,high_spoof_score
REALVSFAKE__test_attack_61,1,0.9992430210113524,-0.333815351755573,0.6031026493231285,-0.5483273795392852,-0.1137682892175283,2.457595471480001,2.0904671173246983,1.849724661058588,42.99513014044542,-0.1573961191812276,-0.1991317478810638,-0.1991323953457465,-0.4694562612994916,0.7870878435431432,-0.1573961191812276,0.5172821910784443,1.293590969279891e-09,0.4974606722878261,0.8242674506175119,1,REJECT,high_spoof_score
REALVSFAKE__test_attack_62,1,0.9993146657943726,-0.324071753983046,0.6251107547065805,-0.5414464562903268,-0.0782400451388915,0.4275817032828942,1.2708052048247716,1.4077520113564144,46.46844063670876,3.652139021234184,0.5638424580998491,0.5638431083888356,-0.2261152283443941,41.97526703582108,3.652139021234184,0.5172821910784443,2.816659573133131e-09,0.021701155615917924,0.8005367908387929,1,REJECT,high_spoof_score
REALVSFAKE__test_attack_63,1,0.989300012588501,-0.2815791108790397,0.6317152933501329,-0.6371744442562055,-0.0660234515828494,0.4275817032828942,1.2169696520338265,1.3563295305483087,32.611955595256745,-0.1573961191812276,-0.6549396563695402,-0.6549399812303061,-0.4704328061774859,1.8939423797792727,-0.1573961191812276,0.5172821910784443,1.3841344112319496e-07,0.46842272713161937,0.8148611671893979,1,REJECT,high_spoof_score
REALVSFAKE__test_attack_65,1,0.9997023940086364,-0.2882978137203586,0.6524475679175621,-0.6386207567114449,-0.0066189087880646,0.9350851453321708,1.576665841960277,1.6599566878007046,40.28545489393843,0.1738678060722863,-0.6255469564570125,-0.625547929028798,-0.5440921912604942,0.8506189115080484,0.1738678060722863,0.5172821910784443,4.372761028091146e-09,0.6250620372226797,0.8310150177239571,1,REJECT,high_spoof_score
REALVSFAKE__test_attack_66,1,0.9991969466209412,-0.3228535843050833,0.6377500648188638,-0.5504108301010308,-0.0486305385948317,0.9350851453321708,2.0593382559137954,2.1923998098111634,178.53803311549547,4.811562759621483,-0.7033192106009147,-0.7033188878045334,-0.753554092269742,2.380497388095863,4.811562759621483,-1.9305106608221685,9.190481819227449e-38,0.9960880051592522,0.8491619575547156,1,REJECT,high_spoof_score
REALVSFAKE__test_attack_67,1,0.9998303651809692,-0.3190492457479631,0.6322123599674291,-0.567562057579646,-0.0305920874017361,1.950092029430724,2.453616078781654,1.869597550389279,43.2763976271289,0.6707636939525575,-0.577737785208502,-0.5777374620558009,-0.6946475101650067,1.4679162090816846,0.6707636939525575,0.5172821910784443,4.20285411529765e-09,0.7337281960749746,0.8365507025789523,1,REJECT,high_spoof_score
REALVSFAKE__test_attack_68,1,0.9985345602035522,-0.2643218162335564,0.6004024564648943,-0.4519050549508865,-0.0327176733969582,0.4275817032828942,2.9816345248771663,2.8623070025784205,203.8289729190848,-0.1573961191812276,-0.6608397679060827,-0.6608397688863805,-0.6219018920749789,2.2892683240365024,-0.1573961191812276,0.5172821910784443,1.1232515373043617e-44,0.44819226762917164,0.8212372615443004,1,REJECT,high_spoof_score
REALVSFAKE__test_attack_70,1,0.7912939190864563,-0.3766674138424316,0.6030414341204968,-0.6166143475422201,-0.1291624771440954,0.9350851453321708,1.4468641775374635,1.4267842599350182,109.0419292100812,-0.1573961191812276,-0.6587010746432483,-0.6587004278230606,-0.4168553689783773,0.4599415819799578,-0.1573961191812276,0.5172821910784443,2.6789949054363448e-24,0.5429524612251633,0.6601827583304233,1,RETRY,gray_zone
REALVSFAKE__test_attack_71,1,0.9923366904258728,-0.2327680241926553,0.6413572529235549,-0.633620175850736,0.0046770050887106,0.4275817032828942,1.5256311587153677,2.072265894616186,214.9611851245608,-0.1573961191812276,-0.7063897561304723,-0.7063894333428032,-0.5454175021663439,0.4531623521666296,-0.1573961191812276,0.5172821910784443,8.183106317019211e-48,0.5460363004685848,0.8211711673641275,1,REJECT,high_spoof_score
REALVSFAKE__test_attack_72,1,0.9985004663467408,-0.1389049022305091,0.6072866721948557,-0.305843367944696,0.045277356441241,-0.0799217387663824,1.5020139959282823,1.5599461820231697,26.141179608200662,-0.1573961191812276,-0.6548988453213626,-0.6548994940792212,-0.7750380795856195,0.5669565668903545,-0.1573961191812276,0.5172821910784443,5.456684680814695e-06,0.5366345294674986,0.8256329180534698,1,REJECT,high_spoof_score
REALVSFAKE__test_attack_73,1,0.1820252388715744,-0.3385577207955884,0.6270054656317237,-0.5575010850825589,-0.0631832160169948,1.4425885873814477,0.9618401870398352,1.4796132020128754,118.10618267521622,2.492715282846885,-0.3661908019047093,-0.3661904781517729,-0.562890680161887,1.4666572092592092,2.492715282846885,0.5172821910784443,8.941363210418946e-26,0.9651534669677546,0.19387786444564725,0,RETRY,unstable_motion
REALVSFAKE__test_attack_74,1,0.9392727017402648,-0.300777750912945,0.6555197802811632,-0.5527182809312475,-0.0587527777377969,0.9350851453321708,2.8506083544098377,2.137156010484109,171.9971655282109,-0.1573961191812276,-0.2184752130256535,-0.2184755366480116,-0.39159075792055,0.2133713090551889,-0.1573961191812276,0.5172821910784443,1.8435578968968586e-37,0.5285054033921982,0.7778434315618218,1,REJECT,high_spoof_score
REALVSFAKE__test_attack_75,1,0.9992868304252625,-0.18199916870689,0.5911300280412906,-0.3155433620509439,0.0103255605789805,-0.0799217387663824,3.138607768576121,1.8967749799012927,63.49268350677208,-0.1573961191812276,-0.654619969825482,-0.654620942479758,-0.2361317886643941,1.4792472074839618,-0.1573961191812276,0.5172821910784443,3.5171023206868975e-13,0.490240430154983,0.8239414858480119,1,REJECT,high_spoof_score
REALVSFAKE__test_attack_76,1,0.9978458881378174,-0.3275467376750494,0.648645460008374,-0.5430549781056664,-0.0700435611698667,0.4275817032828942,1.294647633144236,1.4268261686674175,37.75719211922828,4.480298834367969,-0.7561151032600865,-0.7561157523051323,-0.7456859306813297,2.015290593437849,4.480298834367969,-1.9305106608221685,4.616337395999166e-07,0.9945124274491557,0.8480024011277727,1,REJECT,high_spoof_score
REALVSFAKE__test_attack_77,1,0.993316113948822,-0.3208468726497887,0.6080626871954388,-0.5217498749081967,-0.0974567884660322,1.4425885873814477,1.9386329486372984,1.7408151284299336,63.958769201671736,2.658347245473641,0.2968925335116309,0.2968918874543486,-0.7912556998808841,1.7870242410090664,2.658347245473641,0.5172821910784443,3.2149464904627154e-13,0.9645357506954582,0.8428796786938788,1,REJECT,high_spoof_score
REALVSFAKE__test_attack_78,1,0.96137672662735,-0.3188595717202367,0.6136234455638333,-0.5047665499204591,-0.046403498055557,0.9350851453321708,1.207548612909679,1.355665532020656,25.987013027758533,-0.1573961191812276,0.7115220943888441,0.7115224211996419,-0.9869971453543102,0.3776223628181144,-0.1573961191812276,0.5172821910784443,3.633225151211516e-06,0.46136934806762697,0.792170393689034,1,REJECT,high_spoof_score
REALVSFAKE__test_attack_79,1,0.9970343112945556,-0.2321685424112446,0.6098580916183757,-0.5475526910061963,-0.0164731677025757,0.4275817032828942,1.0137404619141088,1.372492091081558,20.057456738239757,-0.1573961191812276,0.258354272040813,0.25835459756581,-1.075458160659491,1.011770888784881,-0.1573961191812276,0.5172821910784443,5.643721743140794e-05,0.4565299458539248,0.8204624119109555,1,REJECT,high_spoof_score
REALVSFAKE__test_real_video_55,0,0.9123536348342896,-0.3409316402773047,0.6648419799560915,-0.6123749372694024,-0.0606899481512071,0.9350851453321708,1.4374235151174204,1.6347158717900456,54.766778553404926,7.627306124276353,-0.7502149917235441,-0.7502143451630144,0.5731658283323743,2.3297500106360918,7.627306124276353,-1.9305106608221685,9.662440522034921e-10,0.9999006195994565,0.7798779389923411,1,REJECT,high_spoof_score
REALVSFAKE__test_real_video_56,0,0.9998735189437866,-0.254357852843056,0.6688090149117204,-0.5278616292688969,0.0351748695103922,2.965098913529278,2.09300217478059,1.7910426314316776,37.649856253502605,-0.1573961191812276,-0.822811044590246,-0.8228110460301149,-0.5976835791007171,0.8195313005069288,-0.1573961191812276,0.5172821910784443,1.892160075368619e-08,0.534264478760532,0.826612041931296,1,REJECT,high_spoof_score
REALVSFAKE__test_real_video_57,0,0.1751759648323059,-0.0929479970300257,0.6970046916998599,-0.3336301214701803,0.1795701669059162,-0.0799217387663824,1.2115571508457077,1.3748661673898628,16.817334366519713,-0.1573961191812276,-0.6334711016448423,-0.633470454753068,-0.6738959315076251,3.944853090591462,-0.1573961191812276,0.5172821910784443,0.0004558909406203924,0.36389333395285534,0.15840382220458057,0,RETRY,unstable_motion
REALVSFAKE__test_real_video_58,0,0.9985679388046264,-0.1241260148806496,0.912971860338174,-0.4493608177385225,0.964966646111397,0.4275817032828942,1.935680787813127,1.5966047893249893,47.510331172147055,1.1676595818328286,0.5192486144327647,0.5192489406980134,-0.6846728017683493,1.8867757654051829,1.1676595818328286,0.5172821910784443,4.668421568602258e-10,0.7854349002893647,0.8381260961281958,1,REJECT,high_spoof_score
REALVSFAKE__test_real_video_59,0,0.2766177356243133,-0.2875941715020031,0.6338672033545775,-0.6266916097714683,-0.0570043221821398,0.4275817032828942,1.2188533646335231,1.2864670120005273,20.079706200949023,-0.1573961191812276,0.253987489885803,0.2539884631928272,-0.88336480783743,1.0864392628716824,-0.1573961191812276,0.5172821910784443,8.553164165070722e-05,0.45326345303850296,0.2439701908976234,0,RETRY,unstable_motion
REALVSFAKE__test_real_video_60,0,0.999268114566803,-0.2588641421708916,0.5883352714616831,-0.4039127800749612,-0.0430867938145258,-0.0799217387663824,2.1164596274622784,1.8697850344494005,70.47390619285508,-0.1573961191812276,-0.8113275929863499,-0.8113272704964274,-0.8581420487029453,0.291526144188845,-0.1573961191812276,0.5172821910784443,1.8759554963073313e-15,0.5602728485247903,0.8274281340796823,1,REJECT,high_spoof_score
REALVSFAKE__test_real_video_61,0,0.945287823677063,-0.3522029426459652,0.6102916285725556,-0.6407655734401057,-0.1302219139757949,2.457595471480001,2.515004433882457,2.0530218618297904,60.1100516621489,-0.1573961191812276,0.0679367230851944,0.067937048069908,-0.9261514241347002,-0.1730447903045237,-0.1573961191812276,0.5172821910784443,3.547727445801835e-13,0.5298898355162397,0.7827247507175156,1,REJECT,high_spoof_score
REALVSFAKE__test_real_video_62,0,0.9976766705513,-0.315348249185381,0.6221332199242157,-0.5064633780767256,-0.0770149163200552,1.4425885873814477,1.4252745283480732,1.490775721455735,21.81835487147733,2.327083320220128,0.2195828045804087,0.2195824822009796,-0.6142499654238368,2.285297632288696,2.327083320220128,0.5172821910784443,0.0002555852988605323,0.9421970382523044,0.8452895261484844,1,REJECT,high_spoof_score
REALVSFAKE__test_real_video_63,0,0.0315033383667469,-0.292356824272995,0.6314337324005384,-0.6353240830312616,-0.0760141589496756,0.4275817032828942,1.376228235915351,1.5033365820694955,35.199642218052475,-0.1573961191812276,-0.6665980124656264,-0.6665986612566798,-0.4414852258655083,1.2202806286148211,-0.1573961191812276,0.5172821910784443,4.1384358351698175e-08,0.5040831458214861,0.05040683419212558,0,RETRY,unstable_motion
REALVSFAKE__test_real_video_64,0,0.1275701820850372,-0.2279813637777369,0.6668045513594985,-0.5153808269300026,0.1523915933244714,0.4275817032828942,1.3729924967993887,1.3998608842564777,39.76283985911952,-0.1573961191812276,0.1209687368088227,0.1209687380467984,-0.7630265775862881,2.8149491729900165,-0.1573961191812276,0.5172821910784443,4.510464693179365e-09,0.3746804416190441,0.12079016842555168,0,RETRY,unstable_motion
REALVSFAKE__test_real_video_65,0,0.999711811542511,-0.2627142043771265,0.6559451027637826,-0.6199978539298293,-0.008965168036185,0.4275817032828942,2.0173552976500897,2.066164271893433,71.75945032041899,-0.1573961191812276,-0.6540971997321585,-0.6540962290016992,-0.3321470761329178,1.117720566153183,-0.1573961191812276,0.5172821910784443,5.849965405065726e-16,0.5087987341690001,0.825209385942459,1,REJECT,high_spoof_score
REALVSFAKE__test_real_video_66,0,0.9998888969421388,-0.2814911828831588,0.6179792601966417,-0.4811329303118505,-0.0022998439126834,0.4275817032828942,1.5136192255015817,1.5115787229980664,37.67279164476718,6.136618460635539,-0.4783133266231023,-0.4783139748799239,-0.4531409865164275,3.443771161246311,6.136618460635539,-1.9305106608221685,2.4022502635926143e-06,0.9990715107628149,0.8498650534293913,1,REJECT,high_spoof_score
REALVSFAKE__test_real_video_67,0,0.991097092628479,-0.3012097930186752,0.6542493940367646,-0.5324003247346586,0.2074291657164367,1.4425885873814477,3.307149966607382,1.9289785701549989,49.89824891875188,0.8363956565793146,-0.5594097378102377,-0.5594097385027419,-0.5247356767145333,2.621063200328827,0.8363956565793146,0.5172821910784443,6.804541958114137e-10,0.7281870084775212,0.8292870246287274,1,REJECT,high_spoof_score
REALVSFAKE__test_real_video_68,0,0.9983118772506714,-0.2892416960664607,0.5965322810595097,-0.4613761592766962,-0.0612730659457006,1.4425885873814477,1.9042816572858825,1.567918254478868,25.010066869958127,-0.1573961191812276,-0.6546355168914544,-0.6546355178541484,-0.0520600544830015,1.3741691453773734,-0.1573961191812276,0.5172821910784443,1.4054053276631004e-05,0.49598337954820515,0.823450778885939,1,REJECT,high_spoof_score
REALVSFAKE__test_real_video_69,0,0.1933356374502182,-0.3596788001983237,0.6992267062569563,-0.6284201280273194,0.0150699820741591,0.9350851453321708,1.366567569729967,1.4731249422870876,36.33260861844982,-0.1573961191812276,-0.1980279061970203,-0.1980279058641535,-0.8968620531154244,-0.2481005489520869,-0.1573961191812276,0.5172821910784443,2.130786749458116e-08,0.5502170697150506,0.1821793666421072,0,RETRY,unstable_motion
REALVSFAKE__test_real_video_70,0,0.983954668045044,-0.3615918001980643,0.6054782587650421,-0.6365537693678072,-0.111335261323325,1.950092029430724,1.7812156118003144,1.640186803427652,19.22014945153332,0.5051317313258005,-0.1276978381958021,-0.1276984854578008,-0.3168362475100765,-0.1644254838275778,0.5051317313258005,0.5172821910784443,0.00029929717986676343,0.7365880187138818,0.8240380299487092,1,REJECT,high_spoof_score
REALVSFAKE__test_real_video_71,0,0.0030193615239113,-0.2854400856506957,0.6572770064569942,-0.6409968680947009,-0.0157855170972063,0.9350851453321708,1.146221975241078,1.4499527665702014,35.84068199041596,-0.1573961191812276,-0.6611205867852099,-0.6611199399718871,-0.5317388985538647,-0.031262041065772,-0.1573961191812276,0.5172821910784443,1.962800796013178e-08,0.5680706757388682,0.03081902595027364,0,RETRY,unstable_motion
REALVSFAKE__test_real_video_72,0,0.5590085387229919,-0.1500190772978119,0.6212827778365506,-0.3182940595043473,0.0462687935037388,-0.0799217387663824,1.6665080999160156,1.5751329623073551,25.68116428906788,-0.1573961191812276,-0.8040292172039109,-0.8040298663849064,-0.41513944012133,0.4941282694671706,-0.1573961191812276,0.5172821910784443,8.89460289623093e-06,0.5501477683224645,0.4747155535849512,0,RETRY,gray_zone
REALVSFAKE__test_real_video_73,0,0.0719216242432594,-0.3376021483637789,0.6326105299780256,-0.5574810165473073,-0.0526270695130563,2.965098913529278,1.3405707882756146,1.6136805451972749,50.46950419562883,0.3394997686990434,0.2691526810502985,0.2691517110170996,-0.8996452060177085,1.118301642994325,0.3394997686990434,0.5172821910784443,1.4768679844940595e-11,0.6095538047817985,0.08801498963591275,0,RETRY,unstable_motion
REALVSFAKE__test_real_video_74,0,0.8833111524581909,-0.2605782606658318,0.6696097685552336,-0.557205839918671,-0.0324306463925347,0.4275817032828942,1.2517338373398916,1.389043769759157,17.355986889088648,-0.1573961191812276,0.2553702070657273,0.25536988478784,-0.6980723925585444,-0.0054041216349341,-0.1573961191812276,0.5172821910784443,0.00032634031272851604,0.5099522390112464,0.7321954849640244,1,RETRY,gray_zone
REALVSFAKE__test_real_video_75,0,0.9997336268424988,-0.2076049851207542,0.6161198127061156,-0.3776313581261238,0.0112723841493928,-0.0799217387663824,2.9764492701219583,1.809752421862604,27.97348051340912,-0.1573961191812276,-0.6670070946390263,-0.6670067717396144,-0.8621947099466223,0.392633514547627,-0.1573961191812276,0.5172821910784443,1.887941837359831e-05,0.5462200560693301,0.8271007361902217,1,REJECT,high_spoof_score
REALVSFAKE__test_real_video_76,0,0.0033259333577007,-0.3251987218955015,0.6515325652174772,-0.5512091366519575,-0.0773374930309176,0.9350851453321708,1.0729521168458964,1.4052062551063065,12.235507236901856,4.97719472224824,-0.6839485380908734,-0.6839482152395304,-0.0892943156168176,5.141871383344858,4.97719472224824,-1.9305106608221685,0.15517568793378325,0.994408737059925,0.0756575367292243,0,RETRY,unstable_motion
REALVSFAKE__test_real_video_77,0,0.9995821118354796,-0.323579610923259,0.6008886712021706,-0.5169527452046945,-0.1034895928878962,0.9350851453321708,2.248755926589501,1.8523503401334915,41.445847402844414,2.492715282846885,-0.3504445391494938,-0.3504442153518796,-0.94069496749626,1.681074563640764,2.492715282846885,0.5172821910784443,4.060576286033542e-08,0.9634038492891458,0.8478358880237056,1,REJECT,high_spoof_score
REALVSFAKE__test_real_video_78,0,0.902973473072052,-0.2896722513351521,0.6373986228959844,-0.5075848709994046,-0.020453452212566,1.4425885873814477,1.6404159257204167,1.5263560397791156,39.29799361689084,-0.1573961191812276,-0.6669381045337736,-0.666938753325792,-0.696293685816483,0.2741906850947627,-0.1573961191812276,0.5172821910784443,6.735826513040197e-09,0.5525603505428427,0.7500067969951578,1,REJECT,high_spoof_score
REALVSFAKE__test_real_video_79,0,0.9993740916252136,-0.213532035903596,0.6210223409967855,-0.5399467640039912,-0.0153188817743821,0.4275817032828942,1.3515476390582628,1.5159919064998812,21.36728236887113,-0.1573961191812276,-0.6523714754092172,-0.6523714763654875,-0.389895755025174,-0.1286892580973186,-0.1573961191812276,0.5172821910784443,4.3863681010907195e-05,0.5727121686266887,0.828141461283657,1,REJECT,high_spoof_score
REALVSFAKE__train_attack_1,1,0.99098539352417,-0.331123835697981,0.6247525557183854,-0.5083857459399781,-0.0732616326114332,0.9350851453321708,1.1260810452751742,1.344171817805245,43.21474864887733,-0.1573961191812276,-0.6547715537187132,-0.6547715546817934,-0.5549876419706893,3.6319432116362655,-0.1573961191812276,0.5172821910784443,5.255765254964098e-10,0.3804711147703251,0.8118118706366888,1,REJECT,high_spoof_score
REALVSFAKE__train_attack_11,1,0.9914404153823853,-0.2263917849356655,0.573209194663736,-0.3499444048840534,-0.0465088218099917,-0.0799217387663824,0.7065504548121728,1.2090193155124769,35.912228200529775,-0.1573961191812276,-0.6546530073406733,-0.6546533322006257,-0.5769459510844498,0.6540212469215279,-0.1573961191812276,0.5172821910784443,1.5049671958208573e-08,0.532441611093732,0.8197744151180456,1,REJECT,high_spoof_score
REALVSFAKE__train_attack_12,1,0.9988045692443848,-0.2502916672786553,0.585836801017207,-0.3791379021103056,-0.0434129832135352,-0.0799217387663824,2.168266861914687,1.8592298683261024,124.17037221243076,-0.1573961191812276,0.2548474369724038,0.2548467907958245,-0.828001688575703,-0.0630275750482246,-0.1573961191812276,0.5172821910784443,3.2359438004167906e-27,0.5127634251067473,0.8246818266508452,1,REJECT,high_spoof_score
REALVSFAKE__train_attack_13,1,0.9056589603424072,-0.321839425037669,0.6253231923685232,-0.6026698063838609,-0.0827824553737884,0.9350851453321708,0.7570644397812901,1.2596130631671567,15.948489997349212,-0.1573961191812276,-0.674293810121986,-0.674294458934875,-0.4231052561975417,-0.0950836474512484,-0.1573961191812276,0.5172821910784443,0.00030406923804989356,0.5722874915090432,0.7531871532350854,1,REJECT,high_spoof_score
REALVSFAKE__train_attack_15,1,0.9915382862091064,-0.1919646325751358,0.5905945119833964,-0.3183381847575319,0.0125906732933411,-0.0799217387663824,1.2742756187506403,1.618682255419095,12.687208660596289,-0.1573961191812276,-0.7718429038744596,-0.7718425812725048,-0.161405179536149,0.5217294194214358,-0.1573961191812276,0.5172821910784443,0.0031440445132727246,0.5471515254077156,0.8210598119146619,1,REJECT,high_spoof_score
REALVSFAKE__train_attack_16,1,0.998333752155304,-0.2790188593427573,0.6154857540421861,-0.4603393753541653,-0.0245522713721079,2.457595471480001,1.2092715011474298,1.4335056567211295,78.69745766856762,-0.1573961191812276,-0.6546539790322967,-0.6546549516866692,-0.2874143454002159,3.249982034725312,-0.1573961191812276,0.5172821910784443,6.693094954526769e-18,0.3997177553417142,0.818652889491329,1,REJECT,high_spoof_score
REALVSFAKE__train_attack_17,1,0.6291640996932983,-0.268252003951396,0.6590761082202051,-0.5811333806145172,-0.0283017500009065,0.9350851453321708,2.343184588308352,2.409615822393857,436.9014348285743,-0.1573961191812276,-0.6546802147061251,-0.65467924397732,-0.2936014547343663,1.9137958385183047,-0.1573961191812276,0.5172821910784443,3.1954409717372697e-96,0.46766307829732556,0.5267144336695049,1,RETRY,gray_zone
REALVSFAKE__train_attack_19,1,0.99424946308136,-0.161985114503303,0.6333659715364798,-0.34878253559991,0.0676592634989221,-0.0799217387663824,1.701273894703763,2.043615960363771,219.76102260035412,-0.1573961191812276,0.2565080579565854,0.2565083834763438,-0.6656092506857867,2.4885776805483544,-0.1573961191812276,0.5172821910784443,1.148513647300093e-48,0.38283033668537714,0.8145410872993569,1,REJECT,high_spoof_score
REALVSFAKE__train_attack_2,1,0.899863064289093,-0.2542150619245203,0.669071902843806,-0.5583539739016604,0.0136587249967753,1.4425885873814477,1.2971572484089189,1.42309221639721,65.06508920859379,-0.1573961191812276,-0.6546792430145019,-0.65467924397732,-0.5532368365108564,1.7382137863531026,-0.1573961191812276,0.5172821910784443,9.10437616277974e-15,0.4763248561654615,0.7437066942395489,1,RETRY,gray_zone
REALVSFAKE__train_attack_21,1,0.9997976422309875,-0.1236634312324472,0.7085790146199832,-0.3803524154058406,0.2077754707340624,-0.0799217387663824,1.6646350346566787,1.6347749079161311,29.687684014270975,1.0020276192060715,-0.5432456476570127,-0.5432456483036535,-0.6401911825757031,18.62973017380264,1.0020276192060715,0.5172821910784443,2.684413661242992e-06,0.10666283014172134,0.8051716579539253,1,REJECT,high_spoof_score
REALVSFAKE__train_attack_22,1,0.9686486721038818,-0.2477989918037433,0.7205079012934074,-0.5021355617584141,0.2516665106975961,1.950092029430724,0.5922716686109941,1.190398492794231,20.69639459012412,-0.1573961191812276,-0.6567625498548093,-0.6567619030291212,-0.6938941755448396,3.314868948652883,-0.1573961191812276,0.5172821910784443,1.8339125147620604e-05,0.39599592721125143,0.7947214849124402,1,REJECT,high_spoof_score
REALVSFAKE__train_attack_23,1,0.9956991672515868,-0.3175168214672849,0.6636271904476372,-0.5931462016212363,0.0703596730696971,1.4425885873814477,0.6767417707511687,1.2070552553251463,22.56280986699304,-0.1573961191812276,-0.2039484232576515,-0.203948746838792,-0.6826081068834469,-0.0098590440836927,-0.1573961191812276,0.5172821910784443,8.819521964015792e-06,0.538666376563845,0.8234939755577564,1,REJECT,high_spoof_score
REALVSFAKE__train_attack_24,1,0.6469458341598511,-0.2710925720119342,0.6707973310652096,-0.5029103380315221,0.029664301605849,1.950092029430724,1.2565689679260597,1.446471379448678,27.24188529909236,0.1738678060722863,0.3152089206104158,0.3152082746051038,-0.5502513993124163,4.309672500688714,0.1738678060722863,0.5172821910784443,2.077866604195209e-06,0.39169730775129447,0.5371418443954362,1,RETRY,gray_zone
REALVSFAKE__train_attack_25,1,0.9998152852058412,-0.3892255668476742,0.6329234086004443,-0.5942383614602953,-0.113987701236103,1.4425885873814477,1.1897844540665272,1.4888729717740294,59.38298578303776,-0.1573961191812276,-0.6546802147061251,-0.65467924397732,-0.8513341358392127,5.1875827615147285,-0.1573961191812276,0.5172821910784443,1.249225818757527e-13,0.3074363015731323,0.8152240432433483,1,REJECT,high_spoof_score
REALVSFAKE__train_attack_28,1,0.9975495934486388,-0.2241075940231245,0.6171236385203065,-0.4157092661003222,0.001177400493926,-0.0799217387663824,0.7375140812622892,1.24638769276026,56.903951714561785,-0.1573961191812276,0.1541510340521336,0.1541520070758856,-0.690608799562444,1.6380748773962246,-0.1573961191812276,0.5172821910784443,3.609850588337418e-13,0.4314667516844802,0.8196130123431893,1,REJECT,high_spoof_score
REALVSFAKE__train_attack_29,1,0.9926636219024658,-0.2949121924362514,0.599955947767066,-0.4597558882751776,-0.057486263331669,2.965098913529278,1.8187504579193012,1.5142945050957677,39.61644836160448,-0.1573961191812276,-0.6593112969826668,-0.6593109740614191,-0.6789390882704106,0.9856224309334716,-0.1573961191812276,0.5172821910784443,6.1368495286933145e-09,0.5154137490423627,0.8199015858946184,1,REJECT,high_spoof_score
REALVSFAKE__train_attack_3,1,0.9968427419662476,-0.2787004579651817,0.6656934364316255,-0.4774310672417159,0.1810570125352952,0.9350851453321708,1.1187436658981769,1.3567529786661314,32.34697017674649,4.97719472224824,-0.6814580924604126,-0.6814574457047947,-0.2619683760079039,3.8102369557268,4.97719472224824,-1.9305106608221685,7.590147225840296e-06,0.9957451054733799,0.8472625873687509,1,REJECT,high_spoof_score
REALVSFAKE__train_attack_30,1,0.999550998210907,-0.3391257334664658,0.6572670944383875,-0.6386922468800963,-0.0703751589126697,0.4275817032828942,0.8939043366491903,1.298126045413642,32.70173316112721,-0.1573961191812276,1.1677789244072745,1.167778604718221,-0.6214763975209956,1.240327779634235,-0.1573961191812276,0.5172821910784443,8.181958318791205e-08,0.39059595023640054,0.8191706083534831,1,REJECT,high_spoof_score
REALVSFAKE__train_attack_32,1,0.9981752634048462,-0.1687435118013414,0.6464190980746956,-0.3720203998646996,0.0927517555093776,-0.0799217387663824,1.4610668010302723,1.4343117419414426,83.07971360917874,-0.1573961191812276,-0.6538212393111477,-0.6538209163743226,-0.52180604208055,1.7726910122608863,-0.1573961191812276,0.5172821910784443,1.7200642962676862e-18,0.4745383686522621,0.8222671291564901,1,REJECT,high_spoof_score
REALVSFAKE__train_attack_33,1,0.8521948456764221,-0.313127883139847,0.595023753806673,-0.4866123104502573,-0.0613325363505793,2.457595471480001,2.084231985287504,1.888640024277546,35.83855616357971,-0.1573961191812276,-0.6546782713228786,-0.65467924397732,-0.7551235393950902,2.4233033820600216,-0.1573961191812276,0.5172821910784443,4.6027626895550737e-08,0.44073940353170266,0.7037928536218669,1,RETRY,gray_zone
REALVSFAKE__train_attack_34,1,0.9989816546440125,-0.2329676695770352,0.6038275805786951,-0.3926906561666134,-0.0057898075467921,-0.0799217387663824,0.7543331029390863,1.2420909274164065,35.760301461858035,-0.1573961191812276,-0.7640878330290802,-0.7640884820967475,0.1566485119060791,9.939338629956907,-0.1573961191812276,0.5172821910784443,1.6705079406221763e-08,0.14627954160523493,0.8064993033012336,1,REJECT,high_spoof_score
REALVSFAKE__train_attack_36,1,0.9980652928352356,-0.2228470835913278,0.6546829558330962,-0.4595202185841812,0.0198824247153923,0.4275817032828942,2.915593034426577,1.8982511537233964,76.3128022202392,-0.1573961191812276,-0.2004415881892423,-0.20044255955485,-0.5150678824223884,2.208014412416753,-0.1573961191812276,0.5172821910784443,3.2684431270263496e-16,0.4243731915206071,0.8196708938442189,1,REJECT,high_spoof_score
REALVSFAKE__train_attack_4,1,0.877281129360199,-0.1694389150328039,0.6447751603922298,-0.4418408121440009,0.0719114188246016,0.4275817032828942,2.308465344683108,2.054526786816712,446.9787073055064,1.0020276192060715,-0.614716481623959,-0.6147168063705971,-0.6398493918684051,2.612347047711691,1.0020276192060715,0.5172821910784443,7.712504825174275e-98,0.7711345984406175,0.74038163341019,1,RETRY,gray_zone
REALVSFAKE__train_attack_42,1,0.9994685053825378,-0.3095563505252801,0.6273123158919488,-0.6423014844074605,-0.0956851817786413,0.4275817032828942,1.2251670517574418,1.3818393323519935,153.37545206032394,-0.1573961191812276,-0.2175112949353619,-0.2175119424521938,-0.6950311527956474,0.0362397186469396,-0.1573961191812276,0.5172821910784443,3.776477694883964e-34,0.5371076854271223,0.8264301885773865,1,REJECT,high_spoof_score
REALVSFAKE__train_attack_43,1,0.978787362575531,-0.2619404762073536,0.5963187917464702,-0.4083903127711242,-0.0335299083012611,-0.0799217387663824,1.129406420140212,1.484323099941568,11.179818136008643,-0.1573961191812276,-0.1994271421345403,-0.1994271418056436,-0.2441394566639484,-0.0415277319259549,-0.1573961191812276,0.5172821910784443,0.006019242216638343,0.540716042291703,0.8109685785075058,1,REJECT,high_spoof_score
REALVSFAKE__train_attack_44,1,0.5013325214385986,-0.2037624798660734,0.7069576170500048,-0.4271344363653345,0.1597865735693692,-0.0799217387663824,1.2241803156799145,1.5065390588327314,65.98554280548596,-0.1573961191812276,-0.6610554834464503,-0.6610551605301516,-0.5963652435154246,0.6449177097436298,-0.1573961191812276,0.5172821910784443,5.9834500676596365e-15,0.5332767017991742,0.42772985224083854,0,RETRY,gray_zone
REALVSFAKE__train_attack_45,1,0.999783456325531,-0.1680005297846426,0.8181585912684458,-0.5639121924353087,0.3444509024737086,2.457595471480001,1.1955719025834786,1.831110146454172,59.722187567861006,0.6707636939525575,-0.3871880861921176,-0.3871887341903841,-0.7089748185892965,2.2578901746148112,0.6707636939525575,0.5172821910784443,1.145231261050482e-13,0.690471825046498,0.8343503563127669,1,REJECT,high_spoof_score
REALVSFAKE__train_attack_46,1,0.9997017979621888,-0.4015782635274501,0.5909029438606257,-0.5664986645022664,-0.1599318489749662,0.4275817032828942,0.8865663382407768,1.351917565061321,14.27697497508904,6.9647782737693245,-0.2039756306231032,-0.2039762781015297,-0.3316309024116922,4.370685569008669,6.9647782737693245,-1.9305106608221685,0.21460265922672525,0.9995878559386064,0.8819312300506902,1,REJECT,high_spoof_score
REALVSFAKE__train_attack_48,1,0.9998053908348083,-0.3660925513989487,0.5944462068979494,-0.5695283034287569,-0.1348968927641983,2.457595471480001,0.987490279949508,1.4267406971084082,61.782849352417976,-0.1573961191812276,-0.6548706662642876,-0.6548703433304403,-0.3237069382588231,4.125858526607328,-0.1573961191812276,0.5172821910784443,2.407373146470355e-14,0.3569812995773851,0.8176933776467197,1,REJECT,high_spoof_score
REALVSFAKE__train_attack_49,1,0.9336616396903992,-0.2228139639552747,0.6321662777756613,-0.4021168056972407,0.0506056866744718,-0.0799217387663824,0.898842969288158,1.3036862379897214,11.946309275969778,-0.1573961191812276,-0.2011703569067006,-0.2011697087883327,-0.815683272471859,1.853363847039493,-0.1573961191812276,0.5172821910784443,0.0033826869511648172,0.4420049905472707,0.7695369643223576,1,REJECT,high_spoof_score
REALVSFAKE__train_attack_5,1,0.990558624267578,-0.3019468413279261,0.6122038656358617,-0.5080989636997397,-0.0667670454123624,0.4275817032828942,0.8803862071449174,1.342265744897899,47.81201836574216,5.474090610128511,1.3106088478044904,1.310609176315114,-0.6853215065801599,0.6709693214548486,5.474090610128511,-1.9305106608221685,3.4966628531467856e-09,0.9980775717216485,0.8423507785246444,1,REJECT,high_spoof_score
REALVSFAKE__train_attack_50,1,0.9932255148887634,-0.322213930642216,0.5806956079627298,-0.4488789176487901,-0.1041060585729759,2.965098913529278,1.788998074765607,1.5532920316853145,40.85238495912085,-0.1573961191812276,-0.6546909033139812,-0.6546905803796238,-0.8335261424569287,1.4479659042024613,-0.1573961191812276,0.5172821910784443,3.0078749585711924e-09,0.49091097962616836,0.8191259613435005,1,REJECT,high_spoof_score
REALVSFAKE__train_attack_51,1,0.9995819926261902,-0.1897055132816499,0.6711378838448409,-0.4718836327540376,0.1164478687320956,0.9350851453321708,2.455083926075903,1.9357590932905169,41.850262052085895,-0.1573961191812276,-0.6668399636798225,-0.6668399646771451,-0.4896637649534191,2.155911188994316,-0.1573961191812276,0.5172821910784443,4.958336983269527e-09,0.45562212678409675,0.8224467011839075,1,REJECT,high_spoof_score
REALVSFAKE__train_attack_53,1,0.998008906841278,-0.181558955817801,0.8887988566451943,-0.5571722434677648,0.8949992658577038,1.4425885873814477,2.0004858249128668,1.6781691071398306,78.0552961363684,1.8301874323398568,-0.4444061474288263,-0.4444067955894409,-0.4767663972433355,0.1882881587458742,1.8301874323398568,0.5172821910784443,1.285102570004512e-16,0.939833799610142,0.8453988154535295,1,REJECT,high_spoof_score
REALVSFAKE__train_attack_54,1,0.999893307685852,-0.3160202449640152,0.6376791487559167,-0.6144616302236676,-0.0490695336468047,0.9350851453321708,2.303528940557239,1.8104283148313507,49.20291964823952,-0.1573961191812276,-0.654676327939632,-0.6546760050052333,-0.8647476772705219,1.9384916042668583,-0.1573961191812276,0.5172821910784443,1.0522519453986557e-10,0.46547844800801363,0.8231885685648662,1,REJECT,high_spoof_score
REALVSFAKE__train_attack_6,1,0.9946755170822144,-0.3327432467657725,0.6437334295946036,-0.5689682429348386,-0.0276267758693304,0.9350851453321708,2.654717843633092,1.7508276915033905,57.71038302152702,2.327083320220128,-0.3784370314328786,-0.3784370316118976,-0.2148570609652298,4.796324355145496,2.327083320220128,0.5172821910784443,2.027441152960933e-11,0.9184527251865812,0.8416630499281417,1,REJECT,high_spoof_score
REALVSFAKE__train_attack_7,1,0.9895456433296204,-0.2009000321118659,0.6520559313929144,-0.34145164962813,0.1691757149176148,-0.0799217387663824,2.131105167933425,1.9703377823834936,48.65052832610856,2.8239792081003987,0.3375306205803516,0.3375296507411658,-0.5531670833052853,3.165919585040041,2.8239792081003987,0.5172821910784443,1.176550411905875e-09,0.9616911677016701,0.8397210732252625,1,REJECT,high_spoof_score
REALVSFAKE__train_attack_8,1,0.996797740459442,-0.3220926783996803,0.625887142339442,-0.4971059210045989,0.0333333605138879,0.9350851453321708,2.143952917365453,2.3085667860478103,260.467016883276,1.6645554697130998,0.4826012648608455,0.4826015910221123,-0.8013420134064551,3.6734902057779495,1.6645554697130998,0.5172821910784443,6.958380339950578e-57,0.8290349899051065,0.838889941862809,1,REJECT,high_spoof_score
REALVSFAKE__train_attack_9,1,0.9952823519706726,-0.2487271054928118,0.6033549503581476,-0.3888680947358156,0.0025055657439325,-0.0799217387663824,2.103192422342589,2.0294480720386567,117.17772596552872,-0.1573961191812276,-0.6546792430145019,-0.65467924397732,-0.9461287422102432,1.1459027929485903,-0.1573961191812276,0.5172821910784443,8.189913827857457e-26,0.5063919516484707,0.8215454791589617,1,REJECT,high_spoof_score
REALVSFAKE__train_real_video_0,0,0.064699687063694,-0.2471247589491977,0.6255373855425331,-0.5912464826474302,-0.0405840346260328,0.9350851453321708,1.2178148775295958,1.539444285775983,5.667810280562289,-0.1573961191812276,-0.8094386244706979,-0.8094389497698332,-0.5067742262799929,-0.0862706486939216,-0.1573961191812276,0.5172821910784443,0.08096548697461983,0.5799113453693053,0.09290013996561344,0,RETRY,unstable_motion
REALVSFAKE__train_real_video_1,0,0.5244061946868896,-0.3228989942179421,0.6142254081675123,-0.4877560414795666,-0.04712047770316,0.4275817032828942,1.8557874789733275,1.5714214756439664,28.727643328880383,-0.1573961191812276,-0.6558161222137369,-0.6558161231797808,-0.5113988638093522,0.6349425573040183,-0.1573961191812276,0.5172821910784443,2.3017834737361616e-06,0.5336029288360492,0.4462054474588353,0,RETRY,gray_zone
REALVSFAKE__train_real_video_10,0,0.00457947794348,-0.2732308892062079,0.6008154489594557,-0.5223644379066361,-0.0511608525467642,0.4275817032828942,1.383646027473321,1.4894464011250612,44.9419572080316,-0.1573961191812276,-0.6509838997711767,-0.6509835768263011,-0.7464671665837254,0.0243276434035199,-0.1573961191812276,0.5172821910784443,3.1136350198965524e-10,0.5642824826586522,0.03187770653442114,0,RETRY,unstable_motion
REALVSFAKE__train_real_video_13,0,0.014382816851139,-0.3120950088227354,0.6191498555168723,-0.5955271187646232,-0.0793550190345288,0.9350851453321708,1.8377695791526485,1.748426728645559,21.321014373023104,-0.1573961191812276,-0.3698356171836241,-0.3698359412354466,-0.9116427573759258,0.0552215621242588,-0.1573961191812276,0.5172821910784443,7.074768867502088e-05,0.5451845366713262,0.038776092467778765,0,RETRY,unstable_motion
REALVSFAKE__train_real_video_14,0,0.0202253963798284,-0.2439557772323101,0.7233834797440304,-0.4679468178657892,0.2440910243064742,0.4275817032828942,3.232368990621955,1.799134340010437,39.056116450996896,1.6645554697130998,-0.466402330704964,-0.4664026550307813,-0.5805591671330291,0.5851636412461505,1.6645554697130998,0.5172821910784443,3.999027679411671e-07,0.9210431390748057,0.062232534043018206,0,RETRY,unstable_motion
REALVSFAKE__train_real_video_17,0,0.1843434870243072,-0.2603810978900852,0.6354593948346429,-0.5607907535198627,-0.0355751173294294,0.9350851453321708,0.9662829136112324,1.3229378194606038,6.423247029027337,-0.1573961191812276,-0.8065847661731314,-0.8065854153613777,-0.3106840147787117,0.1940989271572984,-0.1573961191812276,0.5172821910784443,0.0480672098042385,0.5658163594114943,0.18297568906065628,0,RETRY,unstable_motion
REALVSFAKE__train_real_video_18,0,0.00870425067842,-0.294213488153749,0.6452982615847138,-0.5311403621092888,-0.0710807019439499,0.4275817032828942,1.167854956629607,1.4578428260275118,17.1014007359409,1.4989235070863427,-0.7020560114906537,-0.7020556886906882,-0.0624184055102996,3.3645510185705603,1.4989235070863427,0.5172821910784443,0.0011424013579407416,0.849094882693475,0.049589504881100865,0,RETRY,unstable_motion
REALVSFAKE__train_real_video_2,0,0.8615522980690002,-0.2841360886456958,0.6692072180451861,-0.5835651111934452,-0.0091345154651745,1.4425885873814477,1.0215812066872425,1.399605853003698,28.61613856225696,-0.1573961191812276,-0.8369996856733473,-0.8369993632562658,-0.2737427171082938,0.5573687990115046,-0.1573961191812276,0.5172821910784443,6.083722468826768e-07,0.5491528029916893,0.7166995698606218,1,RETRY,gray_zone
REALVSFAKE__train_real_video_20,0,0.0345580130815506,-0.2667984229558857,0.6913955408195711,-0.6100068580860661,0.0930410698370657,1.4425885873814477,1.6943827131716098,1.707960306248434,45.56362547529719,-0.1573961191812276,-0.1058357483636768,-0.1058354238720187,-0.9545967813665664,0.1903219276898727,-0.1573961191812276,0.5172821910784443,2.4271360996298034e-10,0.5218194871651425,0.05373738485990465,0,RETRY,unstable_motion
REALVSFAKE__train_real_video_23,0,0.0057123573496937,-0.2652553316425083,0.7168300041437013,-0.4921350820162351,0.1384606402932112,1.950092029430724,1.6336409982882385,1.5396697237796193,29.24105809409565,-0.1573961191812276,-0.6552389373895099,-0.6552395861483334,-0.5440573146577088,0.2856185296372304,-0.1573961191812276,0.5172821910784443,9.619322972523629e-07,0.551496157899235,0.032144838064561296,0,RETRY,unstable_motion
REALVSFAKE__train_real_video_26,0,0.0027202942874282,-0.2793544752922846,0.6830356184597869,-0.5356804374862582,0.0435009399619385,0.9350851453321708,1.2445121549345943,1.332047592951329,37.31604994959424,-0.1573961191812276,-0.4783852318032249,-0.4783852322658332,-0.4304711947058425,0.7001200096521604,-0.1573961191812276,0.5172821910784443,1.2663977549872959e-08,0.519371095667581,0.028144792112918243,0,RETRY,unstable_motion
REALVSFAKE__train_real_video_27,0,0.0131016494706273,-0.2807870223179457,0.7442387478054994,-0.6024482349186426,0.2052718137177459,1.4425885873814477,1.4728893725338226,1.587143490740147,13.962718554481958,-0.1573961191812276,-0.8065779643317684,-0.8065773179311607,-0.2677927686730849,1.2968859255054308,-0.1573961191812276,0.5172821910784443,0.0016699508224532328,0.5090837928325593,0.0361860018414978,0,RETRY,unstable_motion
REALVSFAKE__train_real_video_28,0,0.2281852066516876,-0.2410291635934263,0.6088543154884886,-0.4498026126632132,-0.0116282749985799,0.4275817032828942,0.9636145167882776,1.4023021919758187,16.876427203506225,-0.1573961191812276,-0.2116364473810248,-0.2116364470867704,-0.8197638349977643,0.3568972888173679,-0.1573961191812276,0.5172821910784443,0.00025581392833433586,0.5199735284916306,0.20858521383518178,0,RETRY,unstable_motion
REALVSFAKE__train_real_video_29,0,0.0858681052923202,-0.2462349483647574,0.609771404929333,-0.4233822743352248,-0.017248335143881,-0.0799217387663824,0.991443878847343,1.3324695072727022,28.756435777647976,-0.1573961191812276,-0.6556217838890813,-0.6556217848545738,-0.0499674583158706,0.8743462158546975,-0.1573961191812276,0.5172821910784443,7.750264030633459e-07,0.5219515808420921,0.09479217952992122,0,RETRY,unstable_motion
REALVSFAKE__train_real_video_31,0,0.9411941170692444,-0.3132582882966297,0.6030071643719558,-0.5394578447127396,-0.0682228304744198,0.9350851453321708,1.4828924249955433,1.492491648715003,36.6050969552057,-0.1573961191812276,-0.2046713618253702,-0.2046710376141446,-0.5376469950657311,1.1190764121158487,-0.1573961191812276,0.5172821910784443,2.2783185889691134e-08,0.48049067004454615,0.7769798305751008,1,REJECT,high_spoof_score
REALVSFAKE__train_real_video_32,0,0.998674750328064,-0.1381883286221294,0.6230147188421096,-0.2877416448640399,0.0883767260329999,-0.0799217387663824,1.1947946467372152,1.3591358367109707,48.708444234742814,-0.1573961191812276,-0.653692976016875,-0.6536929769768948,-0.5383724284036697,0.829893837507302,-0.1573961191812276,0.5172821910784443,4.430158181016288e-11,0.5233526156955601,0.8251074310538745,1,REJECT,high_spoof_score
REALVSFAKE__train_real_video_33,0,0.4669879078865051,-0.2955592530028983,0.6341466030369569,-0.5261269373062554,0.108109100429903,0.9350851453321708,1.2726845223014125,1.411018411342266,33.10639422974244,1.6645554697130998,-0.466391642097108,-0.4663913186284774,-0.6150939792112463,2.6987338047615315,1.6645554697130998,0.5172821910784443,4.340769735885472e-07,0.8826733968121133,0.41772406126135586,0,RETRY,gray_zone
REALVSFAKE__train_real_video_34,0,0.2481340020895004,-0.2340933552630536,0.5959910492365001,-0.3850936626936141,-0.0263690473497608,-0.0799217387663824,0.97825151462588,1.336404672584976,20.76903497581543,-0.1573961191812276,-0.6547122805296933,-0.654711633698188,-0.5500839916190458,7.161210252454975,-0.1573961191812276,0.5172821910784443,4.353687629209461e-05,0.2280142159706466,0.20991444300157647,0,RETRY,unstable_motion
REALVSFAKE__train_real_video_35,0,0.0128943864256143,-0.1868082271623354,0.8133811307914987,-0.6182403575386167,0.3188295043678151,0.9350851453321708,1.145556887887442,1.3709675124479748,10.057344787451884,-0.1573961191812276,-0.6558841406273662,-0.6558841415936031,-0.4176226542396587,0.4408628923624483,-0.1573961191812276,0.5172821910784443,0.00956701757839209,0.5437594478585597,0.03893853417017824,0,RETRY,unstable_motion
REALVSFAKE__train_real_video_36,0,0.0609805136919021,-0.2299125877617308,0.6406869288582155,-0.4594416513853619,0.0013980096162653,0.4275817032828942,2.330855958622005,1.6212697700294016,50.3858797583,-0.1573961191812276,0.0288135032571636,0.0288135042336616,-0.7690253532653966,3.544975377745283,-0.1573961191812276,0.5172821910784443,8.440587508011504e-11,0.34507777683490576,0.06603829980792784,0,RETRY,unstable_motion
REALVSFAKE__train_real_video_37,0,0.856752872467041,-0.1653229136072557,0.7568348284331241,-0.5705795245725936,0.1920559164173241,0.4275817032828942,1.2368224847786002,1.4354515331500624,29.60120000883628,-0.1573961191812276,-0.6532459978701672,-0.6532459988289188,-0.7074402480667337,0.0878587113684251,-0.1573961191812276,0.5172821910784443,5.957494368185735e-07,0.5612398332210178,0.7134643789970991,1,RETRY,gray_zone
REALVSFAKE__train_real_video_38,0,0.9860411286354064,-0.221218792423425,0.8755169173265773,-0.5709423056220048,0.8405375431302324,1.4425885873814477,1.4279256541945142,1.6648855577283936,40.24353049929045,1.0020276192060715,-0.7603060092312833,-0.7603053626993854,-0.4564821650632799,1.5863590385345487,1.0020276192060715,0.5172821910784443,5.314886958774579e-09,0.8122788733736174,0.8294468473742391,1,REJECT,high_spoof_score
REALVSFAKE__train_real_video_39,0,0.9830781817436218,-0.0891077834140834,0.7447803729625806,-0.3826214042022802,0.2082648724052676,-0.0799217387663824,1.337844326305814,1.4648943499435485,37.16218863494348,-0.1573961191812276,-0.6559832531729405,-0.6559829302422501,-0.3436982069754805,-0.2004522479784081,-0.1573961191812276,0.5172821910784443,1.6946623464019242e-08,0.5766419463557394,0.815294645254678,1,REJECT,high_spoof_score
REALVSFAKE__train_real_video_4,0,0.0488227382302284,-0.2117087644730307,0.6526675948569093,-0.5203271306185119,0.0457885197487389,0.4275817032828942,1.2219944538459384,1.4176525922518377,35.95964737942236,-0.1573961191812276,-0.6545519514118525,-0.6545513045798922,-0.2402123511902995,1.0241671947292528,-0.1573961191812276,0.5172821910784443,2.421807121638257e-08,0.5138225574771784,0.06474932209075232,0,RETRY,unstable_motion
REALVSFAKE__train_real_video_40,0,0.398653507232666,-0.2787912232280721,0.7169955191210702,-0.6008164221164447,0.1564003090488717,1.4425885873814477,0.9642677187387212,1.3587279521159443,17.314932318050996,0.5051317313258005,0.0479548565441113,0.047954209780503,-0.8325007703350344,1.2975638484867638,0.5051317313258005,0.5172821910784443,0.0002907696880993451,0.6633193411488835,0.35213238829679194,0,RETRY,gray_zone
REALVSFAKE__train_real_video_41,0,0.0118207773193717,-0.2005426728757369,0.7374080503514403,-0.5799831089656108,0.1467021011608216,0.4275817032828942,1.036610082362912,1.3204992785897598,9.560709526533731,-0.1573961191812276,-0.8094988693513412,-0.8094988707534386,-0.1277213565658984,0.8875172909205923,-0.1573961191812276,0.5172821910784443,0.012228193092897242,0.5306791283414414,0.03782480723650401,0,RETRY,unstable_motion
REALVSFAKE__train_real_video_42,0,0.0448735654354095,-0.2709717971941356,0.5929261321848394,-0.4113926964571717,-0.0481734587252716,-0.0799217387663824,1.167801719927808,1.5642311581864703,12.189409343979731,-0.1573961191812276,-0.8064905120856734,-0.8064898656848177,-0.4017468246516921,0.509333113477064,-0.1573961191812276,0.5172821910784443,0.00353267137160278,0.5495397280059294,0.06390573945436448,0,RETRY,unstable_motion
REALVSFAKE__train_real_video_44,0,0.0041944035328924,-0.2372413848543325,0.6637607998212536,-0.406298479049383,0.1000450246879876,-0.0799217387663824,1.1998361623975664,1.4445346757240023,18.167285898160795,-0.1573961191812276,-0.8369860819906213,-0.8369864073679187,-0.7775631456272908,0.9709986637647208,-0.1573961191812276,0.5172821910784443,0.00020327411941541701,0.5270305711739947,0.029737542502925967,0,RETRY,unstable_motion
REALVSFAKE__train_real_video_45,0,0.0069280532188713,-0.1382541586730325,0.7520291472716225,-0.4006529831259396,0.2662901592715196,-0.0799217387663824,3.888211481474736,1.752198123593799,118.99045308107874,-0.1573961191812276,-0.654547092953736,-0.6545464461217619,-0.8171550651094078,0.1467411646041908,-0.1573961191812276,0.5172821910784443,8.606116977016433e-25,0.558136717871499,0.03344927846867199,0,RETRY,unstable_motion
REALVSFAKE__train_real_video_47,0,0.0065432689152657,-0.1900320718018777,0.7317752580232633,-0.5616904237218144,0.2238783547777183,0.4275817032828942,1.7113639829826104,1.6794114521894854,42.793654718143735,-0.1573961191812276,-0.654147727696569,-0.6541480525550877,-0.6307884504647282,0.2111438478308095,-0.1573961191812276,0.5172821910784443,1.2397862839155685e-09,0.5551098642659331,0.03299010853147716,0,RETRY,unstable_motion
REALVSFAKE__train_real_video_49,0,0.2648516595363617,-0.2300889893817637,0.5910317794007194,-0.4151222853733059,-0.000416799690917,-0.0799217387663824,0.9958780937367666,1.331183689619758,8.068686651958135,-0.1573961191812276,-0.8364409629899626,-0.8364406405712959,-0.5710239039314692,1.4597811333056907,-0.1573961191812276,0.5172821910784443,0.02689035558804441,0.5020081523059158,0.2410152885825918,0,RETRY,unstable_motion
REALVSFAKE__train_real_video_51,0,0.0810655206441879,-0.2346371283979894,0.6529213408770969,-0.4751696719451014,0.0448951596875292,1.950092029430724,1.6880068133903563,1.543921768430916,81.4241799866768,-0.1573961191812276,-0.8082861982054905,-0.8082858757069386,-0.6602033772540319,3.0674270604664,-0.1573961191812276,0.5172821910784443,3.582935139649181e-18,0.41751441050478466,0.08572813704058957,0,RETRY,unstable_motion
REALVSFAKE__train_real_video_52,0,0.0060496437363326,-0.1814989094265711,0.708615366968925,-0.5410217945984346,0.1061275516697896,0.4275817032828942,1.661856821660478,1.9128506704140644,11.09649528657008,-0.1573961191812276,-0.8267522258142603,-0.8267528750597293,-0.2642353551889623,0.6814287045954123,-0.1573961191812276,0.5172821910784443,0.008420256785478872,0.5421573744492272,0.03321062222934927,0,RETRY,unstable_motion
REALVSFAKE__train_real_video_54,0,0.3539186418056488,-0.3158619036397545,0.6357806701044025,-0.5952530707916859,-0.0385167860624836,0.9350851453321708,3.926808833116601,2.3117799392373115,57.24762582712359,-0.1573961191812276,-0.6533276199665226,-0.6533269731310883,-0.1163794853400488,1.737051632670818,-0.1573961191812276,0.5172821910784443,1.5450831840956863e-11,0.4769984901556823,0.30698483795462084,0,RETRY,unstable_motion
REALVSFAKE__train_real_video_6,0,0.3276985585689544,-0.3295193612041098,0.6429696245116777,-0.6183183464509471,-0.0473783680570264,1.4425885873814477,2.4460147444087608,1.7587799148285657,67.47771877269487,2.161451357593371,-0.3994760984600878,-0.3994757748015935,-0.6384403771158702,3.145969280160818,2.161451357593371,0.5172821910784443,8.05868712213414e-14,0.9276986586550806,0.3085437797879297,0,RETRY,unstable_motion
