video_id,label,original_pred_label,original_score_spoof,normal_score_spoof,normal_pred_label,zero_behavior_score_spoof,zero_behavior_pred_label,zero_rppg_score_spoof,zero_rppg_pred_label,zero_all_score_spoof,zero_all_pred_label,delta_zero_behavior,delta_zero_rppg,delta_zero_all
AXON__axon_02725bc3673bd4,1,1,0.9994168281555176,0.9986674785614014,1,0.9986470341682434,1,0.9986514449119568,1,0.9986333250999451,1,-2.0444393157958984e-05,-1.6033649444580078e-05,-3.415346145629883e-05
AXON__axon_064213282232eb,1,1,0.9998598098754884,0.9996187686920166,1,0.9996121525764465,1,0.9996135830879211,1,0.9996076226234436,1,-6.616115570068359e-06,-5.185604095458984e-06,-1.1146068572998047e-05
AXON__axon_077092df82e439,1,1,0.9970697164535522,0.9939591884613037,1,0.9939595460891724,1,0.9940022826194763,1,0.9939455389976501,1,3.5762786865234375e-07,4.309415817260742e-05,-1.3649463653564453e-05
AXON__axon_0870c3ac624182,1,1,0.9965973496437072,0.9944947361946106,1,0.9944489002227783,1,0.9944249391555786,1,0.9943631887435913,1,-4.583597183227539e-05,-6.979703903198242e-05,-0.0001315474510192871
AXON__axon_0a4de7a078bfef,1,1,0.999881148338318,0.9997435212135315,1,0.9997403025627136,1,0.9997398257255554,1,0.9997372031211853,1,-3.2186508178710938e-06,-3.6954879760742188e-06,-6.318092346191406e-06
AXON__axon_0ea3236731d33d,1,1,0.9997643828392028,0.9994623064994812,1,0.9994564652442932,1,0.999455988407135,1,0.999450147151947,1,-5.841255187988281e-06,-6.318092346191406e-06,-1.2159347534179688e-05
AXON__axon_1499e171644171,1,1,0.9982460737228394,0.9963721036911011,1,0.9962443113327026,1,0.9963560104370117,1,0.9961844086647034,1,-0.0001277923583984375,-1.609325408935547e-05,-0.00018769502639770508
AXON__axon_1e5e3987ccce67,1,1,0.965825080871582,0.9682450890541077,1,0.967656672000885,1,0.9678483605384827,1,0.9674797058105469,1,-0.0005884170532226562,-0.000396728515625,-0.000765383243560791
AXON__axon_1fb5fc671f6c5a,1,1,0.9974831938743592,0.9953252077102661,1,0.9952397346496582,1,0.9952841401100159,1,0.9952009916305542,1,-8.547306060791016e-05,-4.106760025024414e-05,-0.00012421607971191406
AXON__axon_2377edc16cc13e,1,1,0.9944942593574524,0.9925131797790527,1,0.9924548864364624,1,0.9924361109733582,1,0.9923763871192932,1,-5.829334259033203e-05,-7.706880569458008e-05,-0.00013679265975952148
AXON__axon_26d6bb3221bdb1,1,1,0.9991768002510072,0.998145580291748,1,0.9981727600097656,1,0.9981827735900879,1,0.9981676340103149,1,2.7179718017578125e-05,3.719329833984375e-05,2.205371856689453e-05
AXON__axon_26d9d63f5ba7a8,1,1,0.998754620552063,0.9971848130226135,1,0.9971441626548767,1,0.9971522092819214,1,0.9971151351928711,1,-4.0650367736816406e-05,-3.260374069213867e-05,-6.967782974243164e-05
AXON__axon_31702f36e0617f,1,1,0.999743402004242,0.9993187189102173,1,0.9993103742599487,1,0.9993098974227905,1,0.9993014335632324,1,-8.344650268554688e-06,-8.821487426757812e-06,-1.728534698486328e-05
AXON__axon_3aacb1cbe6810f,1,1,0.7522978186607361,0.7806475758552551,1,0.7776433229446411,1,0.7862366437911987,1,0.7830204963684082,1,-0.0030042529106140137,0.0055890679359436035,0.002372920513153076
AXON__axon_3c164830a739b0,1,1,0.9998879432678224,0.9997010827064514,1,0.9996981620788574,1,0.999697208404541,1,0.9996942281723022,1,-2.9206275939941406e-06,-3.874301910400391e-06,-6.854534149169922e-06
AXON__axon_3c308111a0e35b,1,1,0.9995692372322084,0.9990795850753784,1,0.9990684390068054,1,0.9990676045417786,1,0.999058187007904,1,-1.1146068572998047e-05,-1.1980533599853516e-05,-2.1398067474365234e-05
AXON__axon_3c6b99caf06a01,1,1,0.998507797718048,0.9967775940895081,1,0.9967043995857239,1,0.9967315196990967,1,0.9966561794281006,1,-7.319450378417969e-05,-4.607439041137695e-05,-0.0001214146614074707
AXON__axon_3e45daf91bd9ac,0,1,0.5025945901870728,0.5492538809776306,1,0.545089840888977,1,0.5460736751556396,1,0.5434269905090332,1,-0.0041640400886535645,-0.003180205821990967,-0.005826890468597412
AXON__axon_4282fff5ee43c5,1,1,0.9998899698257446,0.9997324347496033,1,0.999727189540863,1,0.999729573726654,1,0.9997239708900452,1,-5.245208740234375e-06,-2.86102294921875e-06,-8.463859558105469e-06
AXON__axon_45235ab8a33964,1,1,0.998407542705536,0.9960411787033081,1,0.995918333530426,1,0.9959922432899475,1,0.9958769083023071,1,-0.00012284517288208008,-4.89354133605957e-05,-0.00016427040100097656
AXON__axon_4e4b5f425a1567,1,1,0.9982683658599854,0.9966437816619873,1,0.9966020584106445,1,0.996600329875946,1,0.9965594410896301,1,-4.172325134277344e-05,-4.3451786041259766e-05,-8.434057235717773e-05
AXON__axon_4f6990492a8bf9,1,1,0.9980337023735046,0.9961438179016113,1,0.9960954785346985,1,0.9961226582527161,1,0.9960579872131348,1,-4.83393669128418e-05,-2.1159648895263672e-05,-8.58306884765625e-05
AXON__axon_502dafedde95da,1,1,0.9998151659965516,0.9994862079620361,1,0.9994778037071228,1,0.9994839429855347,1,0.9994757771492004,1,-8.404254913330078e-06,-2.2649765014648438e-06,-1.043081283569336e-05
AXON__axon_526e2c080f7124,1,1,0.9997993111610411,0.9994539618492126,1,0.9994588494300842,1,0.9994516968727112,1,0.999451220035553,1,4.887580871582031e-06,-2.2649765014648438e-06,-2.7418136596679688e-06
AXON__axon_562f7f3b30c5db,1,1,0.9992623925209044,0.9984477758407593,1,0.9983637928962708,1,0.998434841632843,1,0.9983484745025635,1,-8.398294448852539e-05,-1.2934207916259766e-05,-9.930133819580078e-05
AXON__axon_5986e66896e9ec,0,1,0.938509166240692,0.9299640655517578,1,0.928805410861969,1,0.9298030734062195,1,0.9284627437591553,1,-0.0011586546897888184,-0.00016099214553833008,-0.001501321792602539
AXON__axon_5de913e7a3940e,1,1,0.9996814727783204,0.9992341995239258,1,0.999224066734314,1,0.9992249011993408,1,0.9992148876190186,1,-1.0132789611816406e-05,-9.298324584960938e-06,-1.9311904907226562e-05
AXON__axon_64df6d0525dd27,1,1,0.9987063407897948,0.9969620108604431,1,0.9968665242195129,1,0.9969700574874878,1,0.996849000453949,1,-9.548664093017578e-05,8.046627044677734e-06,-0.00011301040649414062
AXON__axon_676d9d6e8bb803,1,1,0.999852180480957,0.9996446371078491,1,0.9996514320373535,1,0.9996520280838013,1,0.9996495246887207,1,6.794929504394531e-06,7.3909759521484375e-06,4.887580871582031e-06
AXON__axon_72a90f86ddb0f0,1,1,0.9997027516365052,0.9990805387496948,1,0.9990735054016113,1,0.9990825653076172,1,0.9990701079368591,1,-7.033348083496094e-06,2.0265579223632812e-06,-1.043081283569336e-05
AXON__axon_72b6e905ac8664,1,1,0.9977344274520874,0.9960010647773743,1,0.9958896040916443,1,0.9959598183631897,1,0.9958502054214478,1,-0.00011146068572998047,-4.124641418457031e-05,-0.00015085935592651367
AXON__axon_7545f494fa0540,1,1,0.9993937015533448,0.9983440637588501,1,0.9983240962028503,1,0.998353123664856,1,0.9983287453651428,1,-1.996755599975586e-05,9.059906005859375e-06,-1.531839370727539e-05
AXON__axon_7d47172babc3ff,1,1,0.9991722106933594,0.9982902407646179,1,0.9982669353485107,1,0.9982749223709106,1,0.9982571005821228,1,-2.3305416107177734e-05,-1.531839370727539e-05,-3.314018249511719e-05
AXON__axon_7f91856af31817,1,1,0.9998300075531006,0.9995681643486023,1,0.9995645880699158,1,0.999562680721283,1,0.9995594620704651,1,-3.5762786865234375e-06,-5.4836273193359375e-06,-8.702278137207031e-06
AXON__axon_819389f7b20f18,1,1,0.8710706233978271,0.8555512428283691,1,0.855168879032135,1,0.8545881509780884,1,0.8538544178009033,1,-0.00038236379623413086,-0.0009630918502807617,-0.0016968250274658203
AXON__axon_81aa0fb44173fa,1,1,0.9996392726898192,0.999272882938385,1,0.9992627501487732,1,0.9992707371711731,1,0.9992606043815613,1,-1.0132789611816406e-05,-2.1457672119140625e-06,-1.2278556823730469e-05
AXON__axon_81f7f216914cbb,1,1,0.9950073957443236,0.9920122027397156,1,0.9919161200523376,1,0.9919421672821045,1,0.9918147921562195,1,-9.608268737792969e-05,-7.003545761108398e-05,-0.00019741058349609375
AXON__axon_831c43345b99b4,1,1,0.9998317956924438,0.9996119141578674,1,0.9996071457862854,1,0.9996088147163391,1,0.9996020197868347,1,-4.76837158203125e-06,-3.0994415283203125e-06,-9.894371032714844e-06
AXON__axon_84d6d920d9eeee,1,1,0.9698778986930848,0.9635190367698669,1,0.9629160761833191,1,0.9631999135017395,1,0.9624695181846619,1,-0.0006029605865478516,-0.0003191232681274414,-0.0010495185852050781
AXON__axon_86afd263836f5d,1,1,0.9961167573928832,0.9941672086715698,1,0.9937877655029297,1,0.9943458437919617,1,0.9939709901809692,1,-0.0003794431686401367,0.0001786351203918457,-0.00019621849060058594
AXON__axon_86b6412c48ec7e,1,1,0.9989987015724182,0.9977139234542847,1,0.9976880550384521,1,0.9976814985275269,1,0.9976614713668823,1,-2.586841583251953e-05,-3.24249267578125e-05,-5.245208740234375e-05
AXON__axon_8910b37ca9b994,1,1,0.9996685981750488,0.9992250204086304,1,0.9992125034332275,1,0.9992244243621826,1,0.9992105960845947,1,-1.2516975402832031e-05,-5.960464477539062e-07,-1.4424324035644531e-05
AXON__axon_8a248248a43c6d,1,1,0.9997108578681946,0.9992275238037109,1,0.9992146492004395,1,0.9992201328277588,1,0.9992039799690247,1,-1.2874603271484375e-05,-7.3909759521484375e-06,-2.3543834686279297e-05
AXON__axon_8f82951c237475,1,1,0.9996168613433838,0.9990025162696838,1,0.9989952445030212,1,0.999006450176239,1,0.9989928603172302,1,-7.271766662597656e-06,3.933906555175781e-06,-9.655952453613281e-06
AXON__axon_902a5d2c1c8734,1,1,0.9996256828308104,0.999211311340332,1,0.9992069602012634,1,0.9992026686668396,1,0.9991981387138367,1,-4.351139068603516e-06,-8.64267349243164e-06,-1.3172626495361328e-05
AXON__axon_97a793f6d06a64,1,1,0.9991306662559508,0.9978530406951904,1,0.9978501796722412,1,0.9978280663490295,1,0.9978154897689819,1,-2.86102294921875e-06,-2.4974346160888672e-05,-3.7550926208496094e-05
AXON__axon_9b01bfeac51c0a,1,1,0.9966717958450316,0.9939715266227722,1,0.9938609600067139,1,0.9938978552818298,1,0.9937658309936523,1,-0.00011056661605834961,-7.367134094238281e-05,-0.00020569562911987305
AXON__axon_9f888ba3d6ce79,1,1,0.9997897744178772,0.999474823474884,1,0.9994701743125916,1,0.9994681477546692,1,0.999464213848114,1,-4.649162292480469e-06,-6.67572021484375e-06,-1.0609626770019531e-05
AXON__axon_a26f43a52f9bfb,1,1,0.9997707009315492,0.9994093179702759,1,0.9993991851806641,1,0.9994024038314819,1,0.9993921518325806,1,-1.0132789611816406e-05,-6.9141387939453125e-06,-1.71661376953125e-05
AXON__axon_a3f92d03d19cd6,1,1,0.9995741248130798,0.9985378980636597,1,0.9985215067863464,1,0.9985188841819763,1,0.9985028505325317,1,-1.6391277313232422e-05,-1.901388168334961e-05,-3.504753112792969e-05
AXON__axon_a594b8d2cef2cc,1,1,0.9997742772102356,0.999416708946228,1,0.9994097948074341,1,0.9994088411331177,1,0.9994031190872192,1,-6.9141387939453125e-06,-7.867813110351562e-06,-1.3589859008789062e-05
AXON__axon_a5bedd6d659deb,1,1,0.9996408224105836,0.9990769624710083,1,0.9990598559379578,1,0.9990712404251099,1,0.9990441203117371,1,-1.710653305053711e-05,-5.7220458984375e-06,-3.2842159271240234e-05
AXON__axon_a60eead41e8fd9,1,1,0.9998278617858888,0.9995391368865967,1,0.9995338916778564,1,0.9995328187942505,1,0.9995284080505371,1,-5.245208740234375e-06,-6.318092346191406e-06,-1.0728836059570312e-05
AXON__axon_a695f6c49d5886,1,1,0.9987190961837769,0.9975672960281372,1,0.9975342750549316,1,0.9975437521934509,1,0.9975057244300842,1,-3.3020973205566406e-05,-2.3543834686279297e-05,-6.157159805297852e-05
AXON__axon_a6e4e08b7ad5b0,1,1,0.9997543692588806,0.9993632435798645,1,0.9993599057197571,1,0.9993595480918884,1,0.9993521571159363,1,-3.337860107421875e-06,-3.6954879760742188e-06,-1.1086463928222656e-05
AXON__axon_acc8df9a90c63f,1,1,0.9717977643013,0.9605438113212585,1,0.9598745703697205,1,0.9600656032562256,1,0.959557294845581,1,-0.0006692409515380859,-0.000478208065032959,-0.0009865164756774902
AXON__axon_ad6ed57f4fe709,1,1,0.9998136162757874,0.9994906187057495,1,0.9994839429855347,1,0.9994845390319824,1,0.9994781613349915,1,-6.67572021484375e-06,-6.079673767089844e-06,-1.245737075805664e-05
AXON__axon_ae0abb29366f0e,1,1,0.999327540397644,0.9984789490699768,1,0.9984580278396606,1,0.9985431432723999,1,0.998482882976532,1,-2.092123031616211e-05,6.41942024230957e-05,3.933906555175781e-06
AXON__axon_b0e37cef04e180,1,1,0.999566614627838,0.9988314509391785,1,0.9988119602203369,1,0.9988168478012085,1,0.9987989664077759,1,-1.9490718841552734e-05,-1.4603137969970703e-05,-3.248453140258789e-05
AXON__axon_b0e4fd72acaa91,0,0,0.4713853597640991,0.4776592552661896,0,0.4809773564338684,0,0.48780980706214905,0,0.4888724684715271,0,0.003318101167678833,0.010150551795959473,0.011213213205337524
AXON__axon_bb01d5177e0073,1,1,0.9998526573181152,0.9995980858802795,1,0.9995941519737244,1,0.999593198299408,1,0.9995895028114319,1,-3.933906555175781e-06,-4.887580871582031e-06,-8.58306884765625e-06
AXON__axon_bb90a941270043,1,1,0.9996289014816284,0.9992589354515076,1,0.9992511868476868,1,0.9992489218711853,1,0.9992414712905884,1,-7.748603820800781e-06,-1.0013580322265625e-05,-1.7464160919189453e-05
AXON__axon_c1d49b7a3affb6,0,0,0.145400196313858,0.17173367738723755,0,0.16966697573661804,0,0.17012940347194672,0,0.16886869072914124,0,-0.002066701650619507,-0.0016042739152908325,-0.0028649866580963135
AXON__axon_c9afe1ee9ba832,1,1,0.9995946288108826,0.9990654587745667,1,0.999052107334137,1,0.9990527033805847,1,0.9990418553352356,1,-1.33514404296875e-05,-1.2755393981933594e-05,-2.3603439331054688e-05
AXON__axon_ccb1178613f7f9,1,1,0.9997281432151794,0.9993202686309814,1,0.9993152618408203,1,0.9993127584457397,1,0.9993076324462891,1,-5.0067901611328125e-06,-7.510185241699219e-06,-1.2636184692382812e-05
AXON__axon_cce4497643df93,1,1,0.996987521648407,0.9949204325675964,1,0.994851291179657,1,0.9948634505271912,1,0.9948040843009949,1,-6.914138793945312e-05,-5.698204040527344e-05,-0.0001163482666015625
AXON__axon_cdc17f8ac17276,1,1,0.9801504611968994,0.9739978313446045,1,0.9731563925743103,1,0.9738132953643799,1,0.9729123711585999,1,-0.0008414387702941895,-0.00018453598022460938,-0.0010854601860046387
AXON__axon_cfbf577b4dbdef,1,1,0.999729573726654,0.999261200428009,1,0.9992496371269226,1,0.9992559552192688,1,0.9992382526397705,1,-1.1563301086425781e-05,-5.245208740234375e-06,-2.294778823852539e-05
AXON__axon_d1229cef6034e9,1,1,0.9997181296348572,0.9992579817771912,1,0.9992455244064331,1,0.9992471933364868,1,0.9992362260818481,1,-1.245737075805664e-05,-1.0788440704345703e-05,-2.1755695343017578e-05
AXON__axon_d2c381627be2bc,1,1,0.9997707009315492,0.9994093179702759,1,0.9993991851806641,1,0.9994024038314819,1,0.9993921518325806,1,-1.0132789611816406e-05,-6.9141387939453125e-06,-1.71661376953125e-05
AXON__axon_d35a0bc98d943e,1,1,0.9981245398521424,0.9966309666633606,1,0.9965631365776062,1,0.9966174960136414,1,0.996542751789093,1,-6.783008575439453e-05,-1.3470649719238281e-05,-8.821487426757812e-05
AXON__axon_d4b2ae749d7217,1,1,0.9997860789299012,0.9994605183601379,1,0.9994524121284485,1,0.9994533658027649,1,0.9994456171989441,1,-8.106231689453125e-06,-7.152557373046875e-06,-1.4901161193847656e-05
AXON__axon_d626629127afc4,1,1,0.998202919960022,0.9964512586593628,1,0.9964666366577148,1,0.9964297413825989,1,0.9964253306388855,1,1.537799835205078e-05,-2.1517276763916016e-05,-2.5928020477294922e-05
AXON__axon_d68bfba41d220d,1,1,0.9998250603675842,0.9996114373207092,1,0.9996066689491272,1,0.9996059536933899,1,0.9996021389961243,1,-4.76837158203125e-06,-5.4836273193359375e-06,-9.298324584960938e-06
AXON__axon_d8b5db127df97e,1,1,0.9995638728141784,0.9989193677902222,1,0.9989076852798462,1,0.9989078044891357,1,0.9988924860954285,1,-1.1682510375976562e-05,-1.1563301086425781e-05,-2.6881694793701172e-05
AXON__axon_dabf34bcb27fad,1,1,0.9995986819267272,0.999067485332489,1,0.9990480542182922,1,0.9990538954734802,1,0.9990381002426147,1,-1.9431114196777344e-05,-1.3589859008789062e-05,-2.9385089874267578e-05
AXON__axon_daec06b6c2aa9b,1,1,0.9950537085533142,0.9921505451202393,1,0.9918042421340942,1,0.9921092391014099,1,0.991764485836029,1,-0.00034630298614501953,-4.13060188293457e-05,-0.0003860592842102051
AXON__axon_de845200c77bd3,1,1,0.9986279010772704,0.9974786639213562,1,0.997459352016449,1,0.9974850416183472,1,0.9974552989006042,1,-1.9311904907226562e-05,6.377696990966797e-06,-2.3365020751953125e-05
AXON__axon_de94e2b0cae648,1,1,0.9998996257781982,0.999796450138092,1,0.9997931122779846,1,0.999794065952301,1,0.999790370464325,1,-3.337860107421875e-06,-2.384185791015625e-06,-6.079673767089844e-06
AXON__axon_df0eb60766c934,1,1,0.9995273351669312,0.9990959167480469,1,0.999091625213623,1,0.9990938901901245,1,0.9990875720977783,1,-4.291534423828125e-06,-2.0265579223632812e-06,-8.344650268554688e-06
AXON__axon_e22410aa4dc68e,1,1,0.9996213912963868,0.9990971088409424,1,0.9990829229354858,1,0.9990912675857544,1,0.9990808963775635,1,-1.4185905456542969e-05,-5.841255187988281e-06,-1.621246337890625e-05
AXON__axon_e2a1edb3427e34,1,0,0.1265186965465545,0.1502780020236969,0,0.14918962121009827,0,0.149374857544899,0,0.14773015677928925,0,-0.0010883808135986328,-0.0009031444787979126,-0.002547845244407654
AXON__axon_e5c477f6992056,1,1,0.99881774187088,0.9975614547729492,1,0.9974403381347656,1,0.9975476861000061,1,0.9974090456962585,1,-0.00012111663818359375,-1.3768672943115234e-05,-0.00015240907669067383
AXON__axon_e96a6da394e613,1,1,0.999826729297638,0.9995893836021423,1,0.9995846152305603,1,0.9995837807655334,1,0.9995798468589783,1,-4.76837158203125e-06,-5.602836608886719e-06,-9.5367431640625e-06
AXON__axon_ea6067cd0aed2d,1,1,0.9083921313285828,0.9086645841598511,1,0.9080966114997864,1,0.9081600308418274,1,0.9077787399291992,1,-0.0005679726600646973,-0.0005045533180236816,-0.0008858442306518555
AXON__axon_ebe2adc37d3461,1,1,0.9995697140693665,0.9988380074501038,1,0.9988276362419128,1,0.99882572889328,1,0.9988133907318115,1,-1.0371208190917969e-05,-1.2278556823730469e-05,-2.4616718292236328e-05
AXON__axon_ece5b982da0255,1,1,0.9994601607322692,0.9988576173782349,1,0.9988559484481812,1,0.9988505840301514,1,0.9988399147987366,1,-1.6689300537109375e-06,-7.033348083496094e-06,-1.7702579498291016e-05
AXON__axon_eeddc1765491af,1,1,0.932601511478424,0.9349697232246399,1,0.9346907138824463,1,0.9360200762748718,1,0.9352644681930542,1,-0.0002790093421936035,0.0010503530502319336,0.00029474496841430664
AXON__axon_f02e320dd548a0,1,1,0.8706074953079224,0.8663667440414429,1,0.8630623817443848,1,0.8689881563186646,1,0.8663939237594604,1,-0.0033043622970581055,0.0026214122772216797,2.7179718017578125e-05
AXON__axon_f2f8eae9ba79a6,1,1,0.9978245496749878,0.9957083463668823,1,0.9956800937652588,1,0.9956063628196716,1,0.9955549836158752,1,-2.8252601623535156e-05,-0.00010198354721069336,-0.00015336275100708008
AXON__axon_f332b2ae936377,1,1,0.9998151659965516,0.9995866417884827,1,0.9995809197425842,1,0.9995808005332947,1,0.9995760321617126,1,-5.7220458984375e-06,-5.841255187988281e-06,-1.0609626770019531e-05
AXON__axon_f451b83dde05c4,1,1,0.999849796295166,0.9996170997619629,1,0.9996127486228943,1,0.999612033367157,1,0.9996082186698914,1,-4.351139068603516e-06,-5.066394805908203e-06,-8.881092071533203e-06
AXON__axon_f9d991cc8e5dd4,1,1,0.9998175501823424,0.9995417594909668,1,0.999535083770752,1,0.9995393753051758,1,0.9995338916778564,1,-6.67572021484375e-06,-2.384185791015625e-06,-7.867813110351562e-06
AXON__axon_faa26c0d98cd7a,1,1,0.9997774958610536,0.999470055103302,1,0.9994632601737976,1,0.9994634985923767,1,0.999457061290741,1,-6.794929504394531e-06,-6.556510925292969e-06,-1.2993812561035156e-05
AXON__axon_fc37575f318ec6,1,1,0.999569833278656,0.9988824725151062,1,0.9988553524017334,1,0.9988828301429749,1,0.9988466501235962,1,-2.7120113372802734e-05,3.5762786865234375e-07,-3.5822391510009766e-05
AXON__axon_fdaa0709881b1b,1,1,0.9989396929740906,0.9973809123039246,1,0.9972925782203674,1,0.997369647026062,1,0.9972598552703857,1,-8.83340835571289e-05,-1.1265277862548828e-05,-0.00012105703353881836
AXON__axon_fea489806463d4,1,1,0.9998483657836914,0.9996192455291748,1,0.9996155500411987,1,0.9996145963668823,1,0.9996110796928406,1,-3.6954879760742188e-06,-4.649162292480469e-06,-8.165836334228516e-06
CASIA__10_1,0,0,0.0062124808318912,0.012424873188138008,0,0.014065049588680267,0,0.011979353614151478,0,0.014294439926743507,0,0.0016401764005422592,-0.0004455195739865303,0.0018695667386054993
CASIA__10_2,0,0,0.0038616519887,0.007110639940947294,0,0.007725855801254511,0,0.006971925031393766,0,0.00786561705172062,0,0.0006152158603072166,-0.00013871490955352783,0.000754977110773325
CASIA__10_3,1,1,0.999648094177246,0.9989185333251953,1,0.9989011287689209,1,0.998866081237793,1,0.998868465423584,1,-1.7404556274414062e-05,-5.245208740234375e-05,-5.0067901611328125e-05
CASIA__10_4,1,1,0.9990286827087402,0.9976972937583923,1,0.9976853132247925,1,0.9976550340652466,1,0.9976194500923157,1,-1.1980533599853516e-05,-4.225969314575195e-05,-7.784366607666016e-05
CASIA__10_5,1,1,0.9152394533157348,0.9037783145904541,1,0.9030058979988098,1,0.9006836414337158,1,0.9004145860671997,1,-0.0007724165916442871,-0.0030946731567382812,-0.0033637285232543945
CASIA__10_6,1,1,0.9982206225395204,0.9964996576309204,1,0.9964459538459778,1,0.9963666200637817,1,0.9963269829750061,1,-5.370378494262695e-05,-0.00013303756713867188,-0.00017267465591430664
CASIA__10_7,1,1,0.9966453909873962,0.9946364760398865,1,0.9945921301841736,1,0.994458794593811,1,0.994454562664032,1,-4.4345855712890625e-05,-0.00017768144607543945,-0.0001819133758544922
CASIA__10_8,1,1,0.99522203207016,0.9913983345031738,1,0.9913691878318787,1,0.9911943674087524,1,0.9911243319511414,1,-2.9146671295166016e-05,-0.00020396709442138672,-0.0002740025520324707
CASIA__13_1,0,0,0.005126719828695,0.008593996055424213,0,0.00913998018950224,0,0.008789571933448315,0,0.009584701620042324,0,0.0005459841340780258,0.00019557587802410126,0.0009907055646181107
CASIA__13_2,0,0,0.0055913464166224,0.009842151775956154,0,0.010867176577448845,0,0.010146629065275192,0,0.011239912360906601,0,0.001025024801492691,0.0003044772893190384,0.001397760584950447
CASIA__13_3,1,0,0.0702076852321624,0.09587915241718292,0,0.09534481912851334,0,0.09566285461187363,0,0.09513580054044724,0,-0.0005343332886695862,-0.00021629780530929565,-0.0007433518767356873
CASIA__13_4,1,1,0.9992281198501588,0.9975333213806152,1,0.9975264668464661,1,0.9974688291549683,1,0.997421383857727,1,-6.854534149169922e-06,-6.449222564697266e-05,-0.0001119375228881836
CASIA__13_5,1,1,0.998735010623932,0.9974207878112793,1,0.9973399043083191,1,0.9973153471946716,1,0.9972662925720215,1,-8.088350296020508e-05,-0.00010544061660766602,-0.0001544952392578125
CASIA__13_6,1,1,0.9660715460777284,0.9530670046806335,1,0.954168975353241,1,0.9514241814613342,1,0.9538331627845764,1,0.0011019706726074219,-0.0016428232192993164,0.0007661581039428711
CASIA__13_7,1,1,0.8848390579223633,0.8655996918678284,1,0.8670700788497925,1,0.8625448346138,1,0.8658374547958374,1,0.0014703869819641113,-0.0030548572540283203,0.0002377629280090332
CASIA__13_8,1,0,0.2972046434879303,0.30553993582725525,0,0.3039848506450653,0,0.30711832642555237,0,0.30517610907554626,0,-0.0015550851821899414,0.0015783905982971191,-0.0003638267517089844
CASIA__29_1,0,0,0.0051911193877458,0.009177446365356445,0,0.009347938932478428,0,0.00923143420368433,0,0.009495142847299576,0,0.00017049256712198257,5.3987838327884674e-05,0.0003176964819431305
CASIA__29_2,0,0,0.0044531463645398,0.008154482580721378,0,0.008493868634104729,0,0.008030151948332787,0,0.008662904612720013,0,0.00033938605338335037,-0.00012433063238859177,0.0005084220319986343
CASIA__29_3,1,1,0.9997805953025818,0.9993571639060974,1,0.9993467926979065,1,0.9993539452552795,1,0.9993255138397217,1,-1.0371208190917969e-05,-3.2186508178710938e-06,-3.165006637573242e-05
CASIA__29_4,1,1,0.9997257590293884,0.999190628528595,1,0.999168872833252,1,0.9991790652275085,1,0.9991445541381836,1,-2.1755695343017578e-05,-1.1563301086425781e-05,-4.607439041137695e-05
CASIA__29_5,1,1,0.9998382329940796,0.9995154142379761,1,0.999509334564209,1,0.9994970560073853,1,0.9994946718215942,1,-6.079673767089844e-06,-1.8358230590820312e-05,-2.0742416381835938e-05
CASIA__29_6,1,1,0.9996094107627868,0.9989221096038818,1,0.9989149570465088,1,0.9988802075386047,1,0.9988829493522644,1,-7.152557373046875e-06,-4.190206527709961e-05,-3.916025161743164e-05
CASIA__29_7,1,1,0.999438464641571,0.9985118508338928,1,0.9985023736953735,1,0.9984649419784546,1,0.9984598159790039,1,-9.47713851928711e-06,-4.690885543823242e-05,-5.2034854888916016e-05
CASIA__29_8,1,1,0.9992179870605468,0.9979008436203003,1,0.9978651404380798,1,0.9978293776512146,1,0.9978035092353821,1,-3.5703182220458984e-05,-7.146596908569336e-05,-9.733438491821289e-05
LOCAL_REAL__p13_samsung_normal_t01.mp4,0,1,0.9492909908294678,0.9505302309989929,1,0.9512901902198792,1,0.9504943490028381,1,0.9510182738304138,1,0.0007599592208862305,-3.5881996154785156e-05,0.00048804283142089844
LOCAL_REAL__p14_samsung_normal_t01.mp4,0,1,0.981843650341034,0.9758046269416809,1,0.9762352705001831,1,0.9757894277572632,1,0.9760649800300598,1,0.00043064355850219727,-1.519918441772461e-05,0.00026035308837890625
LOCAL_REAL__p14_samsung_normal_t02.mp4,0,1,0.963926076889038,0.9626606702804565,1,0.9627403616905212,1,0.9625281691551208,1,0.9625115990638733,1,7.969141006469727e-05,-0.00013250112533569336,-0.00014907121658325195
LOCAL_REAL__p15_pc_normal_t01.mp4,0,0,0.0070464387536048,0.011191573925316334,0,0.011166331358253956,0,0.01136045716702938,0,0.011354015208780766,0,-2.524256706237793e-05,0.00016888324171304703,0.00016244128346443176
LOCAL_REAL__p15_pc_normal_t02.mp4,0,0,0.0093699237331748,0.015031829476356506,0,0.014784928411245346,0,0.015093759633600712,0,0.014946874231100082,0,-0.0002469010651111603,6.193015724420547e-05,-8.495524525642395e-05
LOCAL_REAL__p15_pc_normal_t03.mp4,0,0,0.009233932942152,0.014894561842083931,0,0.014909432269632816,0,0.01505853421986103,0,0.015182560309767723,0,1.4870427548885345e-05,0.0001639723777770996,0.0002879984676837921
LOCAL_REAL__p15_pc_normal_t04.mp4,0,0,0.0082146497443318,0.013907099142670631,0,0.013729187659919262,0,0.01395596656948328,0,0.01382188405841589,0,-0.00017791148275136948,4.886742681264877e-05,-8.521508425474167e-05
LOCAL_REAL__p15_pc_normal_t05.mp4,0,0,0.0186080653220415,0.026602478697896004,0,0.02632623352110386,0,0.02734527178108692,0,0.027090858668088913,0,-0.0002762451767921448,0.000742793083190918,0.0004883799701929092
LOCAL_REAL__p15_pc_normal_t06.mp4,0,0,0.0093129649758338,0.015272224321961403,0,0.015062227845191956,0,0.015262317843735218,0,0.015168093144893646,0,-0.00020999647676944733,-9.906478226184845e-06,-0.00010413117706775665
LOCAL_REAL__p15_pc_normal_t07.mp4,0,0,0.013327931985259,0.019422318786382675,0,0.019364485517144203,0,0.019997259601950645,0,0.019964514300227165,0,-5.7833269238471985e-05,0.0005749408155679703,0.00054219551384449
LOCAL_REAL__p15_pc_normal_t08.mp4,0,0,0.0093821557238698,0.014436442404985428,0,0.014604480005800724,0,0.014560326002538204,0,0.014777950011193752,0,0.00016803760081529617,0.00012388359755277634,0.00034150760620832443
MSU_MFSD__real_client049_android_SD_scene01,0,0,0.0106302509084343,0.015196061693131924,0,0.015141618438065052,0,0.01582840085029602,0,0.015687663108110428,0,-5.444325506687164e-05,0.0006323391571640968,0.0004916014149785042
MSU_MFSD__real_client049_laptop_SD_scene01,0,0,0.0076759504154324,0.01272688340395689,0,0.012657600454986095,0,0.01267475076019764,0,0.012740532867610455,0,-6.928294897079468e-05,-5.213264375925064e-05,1.3649463653564453e-05
MSU_MFSD__real_client050_android_SD_scene01,0,0,0.0137812485918402,0.02206568978726864,0,0.02214779704809189,0,0.022689765319228172,0,0.022692659869790077,0,8.210726082324982e-05,0.0006240755319595337,0.0006269700825214386
MSU_MFSD__real_client050_laptop_SD_scene01,0,0,0.0123314997181296,0.021920358762145042,0,0.021883290261030197,0,0.022236527875065804,0,0.022402293980121613,0,-3.7068501114845276e-05,0.0003161691129207611,0.00048193521797657013
MSU_MFSD__real_client051_android_SD_scene01,0,0,0.003616324160248,0.006213484797626734,0,0.006270847283303738,0,0.006264505907893181,0,0.006318591069430113,0,5.736248567700386e-05,5.102111026644707e-05,0.00010510627180337906
MSU_MFSD__real_client051_laptop_SD_scene01,0,0,0.007599267642945,0.013657728210091591,0,0.013692175969481468,0,0.014073310419917107,0,0.014016879722476006,0,3.444775938987732e-05,0.00041558220982551575,0.00035915151238441467
MSU_MFSD__real_client053_android_SD_scene01,0,0,0.0127740073949098,0.01953808404505253,0,0.019662341102957726,0,0.019790194928646088,0,0.020000725984573364,0,0.00012425705790519714,0.00025211088359355927,0.0004626419395208359
MSU_MFSD__real_client053_laptop_SD_scene01,0,0,0.0062505700625479,0.009294935502111912,0,0.009283998981118202,0,0.009541402570903301,0,0.009504432789981365,0,-1.0936520993709564e-05,0.00024646706879138947,0.00020949728786945343
MSU_MFSD__real_client054_android_SD_scene01,0,0,0.0063108531758189,0.01012420654296875,0,0.010116669349372387,0,0.010171289555728436,0,0.010162277147173882,0,-7.537193596363068e-06,4.7083012759685516e-05,3.807060420513153e-05
MSU_MFSD__real_client054_laptop_SD_scene01,0,0,0.0106609966605901,0.01842721737921238,0,0.018283182755112648,0,0.018637996166944504,0,0.018513228744268417,0,-0.00014403462409973145,0.00021077878773212433,8.60113650560379e-05
MSU_MFSD__real_client055_android_SD_scene01,0,0,0.0060950624756515,0.010617369785904884,0,0.010621237568557262,0,0.010802059434354305,0,0.010860863141715527,0,3.867782652378082e-06,0.00018468964844942093,0.00024349335581064224
MSU_MFSD__real_client055_laptop_SD_scene01,0,0,0.0179958511143922,0.027055630460381508,0,0.026629716157913208,0,0.02702350914478302,0,0.026765218004584312,0,-0.00042591430246829987,-3.2121315598487854e-05,-0.00029041245579719543
