video_id,label,score_visual,ear_mean,ear_std,ear_min,ear_max,blink_count,motion_mean,motion_std,motion_max,skipped_rate,yaw_std,pitch_std,roll_std,yaw_range,pitch_range,roll_range,yaw_delta_mean,pitch_delta_mean,roll_delta_mean,pose_autocorr,pose_valid_rate,score_behavior_pose,score_fusion_v6,pred_fusion_v6,decision_v6,decision_reason,brightness_mean,brightness_std,blur_mean,blur_std,frame_valid_rate,n_frames_quality,video_quality_score,quality_level,decision_quality_aware,decision_reason_quality_aware
REALVSFAKE__test_attack_56,1,0.9997230172157288,-0.2867618155745051,0.6448392283019708,-0.5040098480912624,-0.0010366642956141,2.965098913529278,2.865416823949745,2.089609703973852,91.24271212116776,0.6707636939525575,16.87986180400357,138.63377309131434,92.98275697199144,135.61013404186065,343.23265567740714,359.03734041286793,8.094937106048336,15.68331755604928,37.025162746101664,0.8011792775643966,1.0,7.92329983369835e-18,0.8497645646333695,1,REJECT,high_spoof_score,0.41573768868743,0.0314001090358205,0.3283061174969751,0.0382843375009887,1.0,64,0.7264922002435401,GOOD,REJECT,good_quality_high_spoof_score
REALVSFAKE__test_attack_58,1,0.9939263463020324,-0.3220311451714118,0.6909652085029859,-0.6227545535981678,0.1195010391300841,0.9350851453321708,1.4923758624864505,1.545929688429953,49.6350068253634,0.0082358434455293,24.162820061833845,132.0926761755361,78.29308199728793,156.6723137796863,358.20384076851457,358.87645904542205,9.430537474095926,21.494632033545205,24.851868047173337,0.7787944988586826,0.984375,3.8593639002606207e-11,0.8448373943625165,1,REJECT,high_spoof_score,0.5228695221427451,0.0202240633196869,0.2253591014508028,0.0289898732359676,1.0,64,0.71669426715273,GOOD,REJECT,good_quality_high_spoof_score
REALVSFAKE__test_attack_59,1,0.9177306890487672,-0.2907082357334087,0.6329164527979133,-0.6095034736562301,-0.0590250547136919,0.9350851453321708,1.7197823150186908,1.4273587118170163,84.98388070189678,-0.1573961191812276,3.587237221405404,169.83827237608529,73.03819022556361,13.678958490747318,358.05100901716094,180.2868408421164,0.967741313738706,7.007525276698634,8.839149767675814,0.960309362029666,1.0,2.700868643916997e-16,0.7800710856914521,1,REJECT,high_spoof_score,0.3869709691546552,0.0168314636365444,0.2105447901267201,0.0090215176923765,1.0,64,0.6759543446607325,MEDIUM,RETRY,medium_quality_gray_zone
REALVSFAKE__test_attack_60,1,0.9985643029212952,-0.2776163764348314,0.5889048813028758,-0.4474764173743948,-0.0652435812338974,0.9350851453321708,1.1919025938635637,1.554359132972004,18.19221655077255,-0.1573961191812276,10.969144791638358,2.058696030999763,6.198800010566646,42.1102564555089,12.015051303174571,22.419499510875426,1.3197739818850325,0.6881953366614519,0.4954619739881186,0.9601238795286828,0.984375,1.817120342840361e-05,0.8487823831636152,1,REJECT,high_spoof_score,0.452640983498434,0.0082766002382073,0.4297514841725539,0.0084393777068018,1.0,64,0.7802279228240364,GOOD,REJECT,good_quality_high_spoof_score
REALVSFAKE__test_attack_61,1,0.9992430210113524,-0.333815351755573,0.6031026493231285,-0.5483273795392852,-0.1137682892175283,2.457595471480001,2.0904671173246983,1.849724661058588,42.99513014044542,-0.1573961191812276,2.859867468963226,78.59206578343695,36.75846245024518,20.984845175913136,359.4766743944192,177.73771153175062,1.0636798338846971,22.323648935340803,5.837258664163402,0.528897814521217,1.0,2.0124935003816332e-08,0.8493565708783898,1,REJECT,high_spoof_score,0.5475928695335195,0.0023041718831663,0.3387246557690028,0.0211812186554252,1.0,64,0.7491708559232683,GOOD,REJECT,good_quality_high_spoof_score
REALVSFAKE__test_attack_62,1,0.9993146657943726,-0.324071753983046,0.6251107547065805,-0.5414464562903268,-0.0782400451388915,0.4275817032828942,1.2708052048247716,1.4077520113564144,46.46844063670876,3.652139021234184,1.865418162200202,13.413593817359043,2.502405013601925,6.564608803891305,42.72614122091011,12.726968118699707,0.6991824491951268,1.8305804533452112,0.4845294714869924,0.9896336967088278,0.546875,1.8002020390610681e-07,0.8494174929282472,1,REJECT,high_spoof_score,0.4800244821452887,0.0373466984941053,0.2449546653437866,0.0304075513310262,1.0,64,0.722141920954325,GOOD,REJECT,good_quality_high_spoof_score
REALVSFAKE__test_attack_63,1,0.989300012588501,-0.2815791108790397,0.6317152933501329,-0.6371744442562055,-0.0660234515828494,0.4275817032828942,1.2169696520338265,1.3563295305483087,32.611955595256745,-0.1573961191812276,2.91361818110563,169.79091340703712,1.3355987573217707,12.866854364234507,358.5960856924476,6.118639719772663,0.8172125458543638,12.420404507885962,0.2527796003207501,0.9273560264317856,0.984375,4.242406601617194e-07,0.8409050743363249,1,REJECT,high_spoof_score,0.3692940999614906,0.0147518628416921,0.2760253900715758,0.0154353340734625,1.0,64,0.6921137470833939,MEDIUM,RETRY,medium_quality_gray_zone
REALVSFAKE__test_attack_65,1,0.9997023940086364,-0.2882978137203586,0.6524475679175621,-0.6386207567114449,-0.0066189087880646,0.9350851453321708,1.576665841960277,1.6599566878007046,40.28545489393843,0.1738678060722863,29.485058435300555,151.93886417855066,88.58464084036599,132.01200361150907,359.0749914254916,314.8964516686973,24.24630764546569,106.11588146512442,39.815639692134525,0.5008233299496153,0.984375,5.012041617067289e-08,0.8497470424254033,1,REJECT,high_spoof_score,0.3950401126637178,0.0184345427305777,0.2704817276691618,0.0180651219155964,1.0,64,0.6999194683401071,MEDIUM,RETRY,medium_quality_gray_zone
REALVSFAKE__test_attack_66,1,0.9991969466209412,-0.3228535843050833,0.6377500648188638,-0.5504108301010308,-0.0486305385948317,0.9350851453321708,2.0593382559137954,2.1923998098111634,178.53803311549547,4.811562759621483,19.8601852460714,118.88914248567792,57.70612369582559,96.9908927571748,353.7639497559247,183.25038012535123,9.0916543452262,26.19024180646351,39.61550558556152,0.592665515372665,0.515625,1.9331978935327318e-34,0.8493174046277999,1,REJECT,high_spoof_score,0.5390061057023119,0.0250220572924076,0.3465364572276095,0.0476789181906633,1.0,64,0.7519320091548775,GOOD,REJECT,good_quality_high_spoof_score
REALVSFAKE__test_attack_67,1,0.9998303651809692,-0.3190492457479631,0.6322123599674291,-0.567562057579646,-0.0305920874017361,1.950092029430724,2.453616078781654,1.869597550389279,43.2763976271289,0.6707636939525575,18.581061086278144,158.5114217666899,44.477504113217705,80.78985331821421,357.20208315841694,332.4921329931248,2.555574501866711,25.824912477995245,9.576703855742975,0.7693639513929995,0.984375,4.802357384057034e-09,0.8498558111241774,1,REJECT,high_spoof_score,0.490827617836414,0.0427597874708781,0.3530680168994785,0.0295580142836154,1.0,64,0.7634908849287514,GOOD,REJECT,good_quality_high_spoof_score
REALVSFAKE__test_attack_68,1,0.9985345602035522,-0.2643218162335564,0.6004024564648943,-0.4519050549508865,-0.0327176733969582,0.4275817032828942,2.9816345248771663,2.8623070025784205,203.8289729190848,-0.1573961191812276,13.698340112663242,8.73477188820871,21.558468333070543,58.42137029134954,29.227266270026888,174.72261293150885,1.658415648235697,1.192724285860662,5.791677115886603,0.4892944970980141,0.984375,1.857136870733526e-42,0.8487543761730194,1,REJECT,high_spoof_score,0.5344939354458146,0.0924160453569159,0.540127848719185,0.0383787881630844,1.0,64,0.8113847660698514,GOOD,REJECT,good_quality_high_spoof_score
REALVSFAKE__test_attack_70,1,0.7912939190864563,-0.3766674138424316,0.6030414341204968,-0.6166143475422201,-0.1291624771440954,0.9350851453321708,1.4468641775374635,1.4267842599350182,109.0419292100812,-0.1573961191812276,1.3248062132976175,59.831098251344336,0.8312027436532992,7.29222430062443,359.37408635555687,3.0740611541292746,0.8443489342236742,7.004030885492615,0.2856973863425179,0.6631156671733742,0.984375,1.3837448109796258e-22,0.6725998312234879,1,RETRY,gray_zone,0.3603104591711298,0.0115337132810082,0.3385965364619522,0.057676758819357,1.0,64,0.710902914437984,GOOD,RETRY,good_quality_gray_zone
REALVSFAKE__test_attack_71,1,0.9923366904258728,-0.2327680241926553,0.6413572529235549,-0.633620175850736,0.0046770050887106,0.4275817032828942,1.5256311587153677,2.072265894616186,214.9611851245608,-0.1573961191812276,30.76291879152439,161.65517164941846,92.44092246112464,99.32572723237536,359.894716538667,358.7461196010919,2.646735487040698,46.82798600002513,12.260438550844311,0.8437889723564878,0.984375,5.532051598252085e-46,0.8434861868619918,1,REJECT,high_spoof_score,0.3472472560479028,0.094758423741601,0.2354748607084894,0.0612680233358345,1.0,64,0.6571013401058923,MEDIUM,RETRY,medium_quality_gray_zone
REALVSFAKE__test_attack_72,1,0.9985004663467408,-0.1389049022305091,0.6072866721948557,-0.305843367944696,0.045277356441241,-0.0799217387663824,1.5020139959282823,1.5599461820231697,26.141179608200662,-0.1573961191812276,24.149928537669137,151.24112746533385,82.12724568267726,115.25956313614648,359.52261814786715,186.667752812514,2.6111468599572683,18.27773539319936,9.173923964147164,0.932113790994188,1.0,4.235503555834029e-07,0.848725459927283,1,REJECT,high_spoof_score,0.4835140296937881,0.0108014745390534,0.3943992246421811,0.0113116114806429,1.0,64,0.7798251193214206,GOOD,REJECT,good_quality_high_spoof_score
REALVSFAKE__test_attack_73,1,0.1820252388715744,-0.3385577207955884,0.6270054656317237,-0.5575010850825589,-0.0631832160169948,1.4425885873814477,0.9618401870398352,1.4796132020128754,118.10618267521622,2.492715282846885,8.362429293334905,136.12080120574188,61.88679357889839,56.81488998320032,358.86930119505314,356.81419632206007,4.67252959783294,11.542263054605046,18.219311539038525,0.8330413392207714,0.828125,2.655586178113439e-22,0.1547214530408382,0,ACCEPT,low_spoof_score,0.4598181656463704,0.0286634633039593,0.272023267180734,0.0645461039795447,1.0,64,0.7248358902762112,GOOD,ACCEPT,good_quality_low_spoof_score
REALVSFAKE__test_attack_74,1,0.9392727017402648,-0.300777750912945,0.6555197802811632,-0.5527182809312475,-0.0587527777377969,0.9350851453321708,2.8506083544098377,2.137156010484109,171.9971655282109,-0.1573961191812276,4.282437358330091,9.119014246241232,59.127498443275286,17.1636939368932,37.42529007481844,181.4309472244063,2.886051835076704,3.703845937763529,31.345820450028,0.1539912029288835,1.0,3.9624845873009796e-34,0.798381796479225,1,REJECT,high_spoof_score,0.5766831052323514,0.0475539667369358,0.2815868415781042,0.0478600161992566,1.0,64,0.7107490574488555,GOOD,REJECT,good_quality_high_spoof_score
REALVSFAKE__test_attack_75,1,0.9992868304252625,-0.18199916870689,0.5911300280412906,-0.3155433620509439,0.0103255605789805,-0.0799217387663824,3.138607768576121,1.8967749799012927,63.49268350677208,-0.1573961191812276,11.388412673129462,4.144419120498552,30.16684678988506,50.20916574236399,27.511347261241184,182.7687300604917,2.081968929884673,1.7389402529496347,6.532372545241343,0.2773515802572994,1.0,9.655347286356193e-13,0.849393805861618,1,REJECT,high_spoof_score,0.5187468044527562,0.0215448802893126,0.7596087666286128,0.0080914053315903,1.0,64,0.9051326144955152,GOOD,REJECT,good_quality_high_spoof_score
REALVSFAKE__test_attack_76,1,0.9978458881378174,-0.3275467376750494,0.648645460008374,-0.5430549781056664,-0.0700435611698667,0.4275817032828942,1.294647633144236,1.4268261686674175,37.75719211922828,4.480298834367969,5.101700032891669,42.38283735733198,2.413688962053781,35.96032289620963,275.96545952986463,13.40836075802716,2.615949566445671,15.28448174902811,0.8248478147833189,0.0187850873307501,0.609375,1.1012817923277782e-05,0.8481706568398333,1,REJECT,high_spoof_score,0.4548245940918323,0.0134234625020368,0.2909601487391612,0.0252749593607875,1.0,64,0.7317523703201338,GOOD,REJECT,good_quality_high_spoof_score
REALVSFAKE__test_attack_77,1,0.993316113948822,-0.3208468726497887,0.6080626871954388,-0.5217498749081967,-0.0974567884660322,1.4425885873814477,1.9386329486372984,1.7408151284299336,63.958769201671736,2.658347245473641,10.268513428456073,14.452335779765267,24.21382749624927,60.90426179207711,42.030144232873454,181.71804044789363,2.003612996614637,1.3374340204680657,4.509571646056234,0.4912131476114281,0.78125,5.0643940860483016e-12,0.8443186968572584,1,REJECT,high_spoof_score,0.333126160532301,0.01642291090289,0.407201611427772,0.0150392723799789,1.0,64,0.7233075915772071,GOOD,REJECT,good_quality_high_spoof_score
REALVSFAKE__test_attack_78,1,0.96137672662735,-0.3188595717202367,0.6136234455638333,-0.5047665499204591,-0.046403498055557,0.9350851453321708,1.207548612909679,1.355665532020656,25.987013027758533,-0.1573961191812276,2.36301567351559,8.199938607390727,1.70946848131126,8.188541148054938,29.060903699962694,6.632255304645778,0.5858487457246934,0.9429533005278188,0.3037212024095467,0.9820110447894926,1.0,6.354192823331854e-06,0.8171711707621709,1,REJECT,high_spoof_score,0.5878414094768405,0.012542869343431,0.2260144577703606,0.0083436139862553,1.0,64,0.6920870660273754,MEDIUM,RETRY,medium_quality_gray_zone
REALVSFAKE__test_attack_79,1,0.9970343112945556,-0.2321685424112446,0.6098580916183757,-0.5475526910061963,-0.0164731677025757,0.4275817032828942,1.0137404619141088,1.372492091081558,20.05745673823976,-0.1573961191812276,19.3392209392554,131.32014962182302,63.91915828840911,55.70408566972872,348.96820687666866,175.91438864996252,1.712812373513728,17.065367411874373,8.723745071358143,0.7745665491637219,0.984375,1.0014731824626086e-05,0.8474806668101459,1,REJECT,high_spoof_score,0.2448855152744209,0.0213356735272421,0.2116839431142947,0.0164450438375329,1.0,64,0.6188432351706852,MEDIUM,RETRY,medium_quality_gray_zone
REALVSFAKE__test_real_video_55,0,0.9123536348342896,-0.3409316402773047,0.6648419799560915,-0.6123749372694024,-0.0606899481512071,0.9350851453321708,1.4374235151174204,1.6347158717900456,54.766778553404926,7.627306124276353,34.21673750031367,103.4009360067759,121.99950954398572,119.18236499512064,330.74324243562285,357.7243003610207,34.18631031439052,82.38977843999544,79.36705169045513,-0.2491608056716243,0.265625,7.301573860779513e-06,0.7755016848452253,1,REJECT,high_spoof_score,0.4668658810950052,0.0503984636329734,0.2372782825506933,0.0141621029276801,1.0,64,0.7122339817857988,GOOD,REJECT,good_quality_high_spoof_score
REALVSFAKE__test_real_video_56,0,0.9998735189437866,-0.254357852843056,0.6688090149117204,-0.5278616292688969,0.0351748695103922,2.965098913529278,2.09300217478059,1.7910426314316776,37.649856253502605,-0.1573961191812276,39.54935852517836,95.1355518751361,84.60199863621851,144.11260663632146,347.319560768478,331.38462177627736,26.9574264592114,66.73469455030322,56.107614406193015,0.0792615484392923,1.0,6.815933081569858e-09,0.8498924921246086,1,REJECT,high_spoof_score,0.5248141104061705,0.0055765110202899,0.3973852992730781,0.0135933522056124,1.0,64,0.7783227339300657,GOOD,REJECT,good_quality_high_spoof_score
REALVSFAKE__test_real_video_57,0,0.1751759648323059,-0.0929479970300257,0.6970046916998599,-0.3336301214701803,0.1795701669059162,-0.0799217387663824,1.2115571508457077,1.3748661673898628,16.817334366519713,-0.1573961191812276,25.503562709530968,123.91422307610873,75.15599644898299,89.12567278958008,336.8456519173744,318.77928949784655,20.71431610936443,80.88162456938831,65.2967933871047,0.2620781944210233,0.984375,0.0009353297784855,0.1490398695742328,0,ACCEPT,low_spoof_score,0.1215810887173313,0.0034317121858302,0.3031473061362528,0.0157766029920897,1.0,64,0.6042192358067464,MEDIUM,ACCEPT,medium_quality_low_spoof_score
REALVSFAKE__test_real_video_58,0,0.9985679388046264,-0.1241260148806496,0.912971860338174,-0.4493608177385225,0.964966646111397,0.4275817032828942,1.935680787813127,1.5966047893249893,47.510331172147055,1.1676595818328286,49.89377956803003,157.52150584617124,105.25911791757468,157.75879006668086,356.0085441601489,356.80423537323435,18.20009325671365,39.37358171795013,44.908451854920976,0.7458604815712678,0.984375,1.4299081673412434e-11,0.8487827479860772,1,REJECT,high_spoof_score,0.7207371088903829,0.0363740674803807,0.3716013998231374,0.0424455723460012,1.0,64,0.6863095362598878,MEDIUM,RETRY,medium_quality_gray_zone
REALVSFAKE__test_real_video_59,0,0.2766177356243133,-0.2875941715020031,0.6338672033545775,-0.6266916097714683,-0.0570043221821398,0.4275817032828942,1.2188533646335231,1.2864670120005273,20.079706200949023,-0.1573961191812276,3.2248406695654324,168.3312022643227,55.7495199930039,12.228882952609473,357.7954597793825,180.26210848397264,0.9886600895418514,8.220320769513675,23.34454745260449,0.9067260799045208,0.984375,0.0010909369933677,0.2352887158296714,0,ACCEPT,low_spoof_score,0.4070870851264164,0.0140001123323748,0.2952488842610901,0.0220308050890811,1.0,64,0.7140719266920919,GOOD,ACCEPT,good_quality_low_spoof_score
REALVSFAKE__test_real_video_60,0,0.999268114566803,-0.2588641421708916,0.5883352714616831,-0.4039127800749612,-0.0430867938145258,-0.0799217387663824,2.1164596274622784,1.8697850344494005,70.47390619285508,-0.1573961191812276,17.584580764632012,135.26889390126902,53.26377371750475,67.33399671084462,359.0687702255315,353.6380325223125,3.052119928339299,41.67978150751432,18.6435349294223,0.5169437176380711,0.984375,7.107999084713071e-15,0.8493778973817836,1,REJECT,high_spoof_score,0.6286620633659279,0.0064448161743935,0.4744535683459043,0.0130825738938309,1.0,64,0.7636272011485363,GOOD,REJECT,good_quality_high_spoof_score
REALVSFAKE__test_real_video_61,0,0.945287823677063,-0.3522029426459652,0.6102916285725556,-0.6407655734401057,-0.1302219139757949,2.457595471480001,2.515004433882457,2.0530218618297904,60.1100516621489,-0.1573961191812276,0.9588566820161158,5.426680599242324,0.8418431605119022,6.311537230340371,15.552483993848654,3.3573588055477743,0.6787118001062631,0.6919319135564262,0.2363447318500594,0.9747512708854388,1.0,3.017922399778395e-12,0.8034946501259561,1,REJECT,high_spoof_score,0.6673616932425941,0.0027884796784093,0.6051928778356019,0.0264473173361292,1.0,64,0.7944545579936617,GOOD,REJECT,good_quality_high_spoof_score
REALVSFAKE__test_real_video_62,0,0.9976766705513,-0.315348249185381,0.6221332199242157,-0.5064633780767256,-0.0770149163200552,1.4425885873814477,1.4252745283480732,1.490775721455735,21.81835487147733,2.327083320220128,10.078256498060178,145.86800536526948,53.36915395169782,55.29619436051739,358.6484088128912,277.9249013894424,3.4644293072342096,40.56665841985404,23.331922426183347,0.72775608857738,0.8125,0.003992020647719,0.8486239730657629,1,REJECT,high_spoof_score,0.5774123427299401,0.0509599602462958,0.3862422232663842,0.0355894459569799,1.0,64,0.7465758470143141,GOOD,REJECT,good_quality_high_spoof_score
REALVSFAKE__test_real_video_63,0,0.0315033383667469,-0.292356824272995,0.6314337324005384,-0.6353240830312616,-0.0760141589496756,0.4275817032828942,1.376228235915351,1.5033365820694955,35.199642218052475,-0.1573961191812276,9.632283090095822,167.28827107794814,22.479135097512344,40.40703322561833,356.71295149880734,181.9784356574505,1.3604688298275809,7.070344664387023,6.0782926877628025,0.9438143365585564,0.984375,7.987473033889999e-08,0.0267778495929444,0,ACCEPT,low_spoof_score,0.3281441103866677,0.0164311537360518,0.4643497025348299,0.0129704883779287,1.0,64,0.7413153669814498,GOOD,ACCEPT,good_quality_low_spoof_score
REALVSFAKE__test_real_video_64,0,0.1275701820850372,-0.2279813637777369,0.6668045513594985,-0.5153808269300026,0.1523915933244714,0.4275817032828942,1.3729924967993887,1.3998608842564777,39.76283985911952,-0.1573961191812276,33.8406752325307,157.9786233162507,75.17115167193842,142.84387572980225,359.5277815919037,356.8339004730641,8.098579945974071,57.06482124734147,25.35923727072318,0.6445826194287536,0.984375,2.0583764669686403e-10,0.1084346548031572,0,ACCEPT,low_spoof_score,0.5336998048707089,0.0084737420515644,0.4704323270182738,0.0143986946671986,1.0,64,0.7999003312003776,GOOD,ACCEPT,good_quality_low_spoof_score
REALVSFAKE__test_real_video_65,0,0.999711811542511,-0.2627142043771265,0.6559451027637826,-0.6199978539298293,-0.008965168036185,0.4275817032828942,2.0173552976500897,2.066164271893433,71.75945032041899,-0.1573961191812276,21.711483965669427,122.58554368854766,89.70872118301338,83.36160206573982,359.49250542804947,299.49782647452054,12.097814402832356,80.78034133942022,33.95184640807752,0.5421870263417433,0.984375,9.633455207582448e-15,0.8497550398111358,1,REJECT,high_spoof_score,0.3937239293449585,0.0126382982741079,0.3038190154686951,0.0375320019263325,1.0,64,0.7119304824109105,GOOD,REJECT,good_quality_high_spoof_score
REALVSFAKE__test_real_video_66,0,0.9998888969421388,-0.2814911828831588,0.6179792601966417,-0.4811329303118505,-0.0022998439126834,0.4275817032828942,1.5136192255015817,1.5115787229980664,37.67279164476718,6.136618460635539,39.15689732973416,122.72727768307084,93.18962275780716,152.2069997784153,357.53414486208663,356.89416162319844,27.99923427029274,69.16471528024081,73.33057388253961,0.2800145252883619,0.84375,4.555582929813734e-05,0.8499123957752126,1,REJECT,high_spoof_score,0.5633720898744818,0.0095843894966082,0.5539089671476889,0.0059682359075287,1.0,64,0.8170816441274071,GOOD,REJECT,good_quality_high_spoof_score
REALVSFAKE__test_real_video_67,0,0.991097092628479,-0.3012097930186752,0.6542493940367646,-0.5324003247346586,0.2074291657164367,1.4425885873814477,3.307149966607382,1.9289785701549989,49.89824891875188,0.8363956565793146,27.130665772917933,164.2959435040096,51.8521216967028,111.73836216913465,359.101536391551,312.2422104941987,6.005424364307494,37.83506323649183,17.13806843470605,0.6679059453014922,0.984375,1.9966648761807715e-10,0.8424325287641571,1,REJECT,high_spoof_score,0.5205568642284991,0.0452399947033326,0.4924033813723675,0.0257500682194388,1.0,64,0.8073324385834291,GOOD,REJECT,good_quality_high_spoof_score
REALVSFAKE__test_real_video_68,0,0.9983118772506714,-0.2892416960664607,0.5965322810595097,-0.4613761592766962,-0.0612730659457006,1.4425885873814477,1.9042816572858825,1.567918254478868,25.010066869958127,-0.1573961191812276,12.781498899616365,10.81548831403245,1.3800934068072497,35.24768000522612,32.96257634101724,3.9537589348083175,0.766042198531278,0.7092667023971013,0.1857436048488356,0.9985237047419924,0.984375,1.0567636784604428e-06,0.8485652541776225,1,REJECT,high_spoof_score,0.6659102502184323,0.0168068830293197,0.5053753402164434,0.0023933077408049,1.0,64,0.7579962365339843,GOOD,REJECT,good_quality_high_spoof_score
REALVSFAKE__test_real_video_69,0,0.1933356374502182,-0.3596788001983237,0.6992267062569563,-0.6284201280273194,0.0150699820741591,0.9350851453321708,1.366567569729967,1.4731249422870876,36.33260861844982,-0.1573961191812276,12.761045371197117,39.06736249164127,19.25127940289145,61.926846656935695,315.57525102993543,155.00122407709216,1.797993755567483,10.758041731919114,5.120396539472887,0.2695105751518536,0.984375,6.718982230386269e-09,0.1643352928405328,0,ACCEPT,low_spoof_score,0.4806606728517989,0.0069985828383502,0.3096569395695965,0.0130334650701315,1.0,64,0.7495944105643259,GOOD,ACCEPT,good_quality_low_spoof_score
REALVSFAKE__test_real_video_70,0,0.983954668045044,-0.3615918001980643,0.6054782587650421,-0.6365537693678072,-0.111335261323325,1.950092029430724,1.7812156118003144,1.640186803427652,19.22014945153332,0.5051317313258005,1.0667715155539257,97.6256667240378,0.6908913557142999,4.86303993635366,358.9407273282324,2.8843554097359223,0.7450175667101342,6.866537806348383,0.3190939045604037,0.8901873413933349,1.0,0.0008719496220722,0.8364922602815982,1,REJECT,high_spoof_score,0.3537524181357656,0.006485302942153,0.5220025149151506,0.0263077059596279,1.0,64,0.773229052033286,GOOD,REJECT,good_quality_high_spoof_score
REALVSFAKE__test_real_video_71,0,0.0030193615239113,-0.2854400856506957,0.6572770064569942,-0.6409968680947009,-0.0157855170972063,0.9350851453321708,1.146221975241078,1.4499527665702014,35.84068199041596,-0.1573961191812276,24.9920585673932,137.67980173785315,72.84742914157415,68.43028800652881,340.3738350038083,180.96834894992435,1.366328960124065,5.969689121674552,3.0403937113904607,0.9558911584371884,0.984375,1.7569844951436076e-09,0.0025664575588722,0,ACCEPT,low_spoof_score,0.4588029559764986,0.0088655822852946,0.4147965715765986,0.0067041285516085,1.0,64,0.7773701450996148,GOOD,ACCEPT,good_quality_low_spoof_score
REALVSFAKE__test_real_video_72,0,0.5590085387229919,-0.1500190772978119,0.6212827778365506,-0.3182940595043473,0.0462687935037388,-0.0799217387663824,1.6665080999160156,1.5751329623073551,25.68116428906788,-0.1573961191812276,24.573105219404017,164.56027919967775,79.30474473518075,83.10300582204135,359.71553095774567,184.2186473600852,6.745654171360361,53.92560607299761,7.700737739984094,0.8204856653824352,1.0,2.747174182520285e-06,0.4751576699906705,0,RETRY,gray_zone,0.652835156409569,0.0127249649785819,0.5007299172039088,0.0208160292147226,1.0,64,0.7622126637107531,GOOD,RETRY,good_quality_gray_zone
REALVSFAKE__test_real_video_73,0,0.0719216242432594,-0.3376021483637789,0.6326105299780256,-0.5574810165473073,-0.0526270695130563,2.965098913529278,1.3405707882756146,1.6136805451972749,50.46950419562883,0.3394997686990434,2.599180393880048,158.56905234023685,55.57895997137911,12.08985623461026,357.532564035919,183.9088020934235,1.2426575561490838,11.550376646102809,13.960671649510104,0.8708587381026341,0.859375,1.200774139930533e-09,0.0611333807868866,0,ACCEPT,low_spoof_score,0.5864465053671932,0.0205160230435646,0.3953439279474237,0.0196855497221374,1.0,64,0.7507143691781862,GOOD,ACCEPT,good_quality_low_spoof_score
REALVSFAKE__test_real_video_74,0,0.8833111524581909,-0.2605782606658318,0.6696097685552336,-0.557205839918671,-0.0324306463925347,0.4275817032828942,1.2517338373398916,1.389043769759157,17.355986889088648,-0.1573961191812276,6.127891354283885,14.16043519911973,69.5744465597512,22.50466478040876,52.61919616384485,180.32916107043428,2.1597655216164084,5.160538994267878,22.89767083646072,0.6048217834689755,0.984375,0.0018848217982844,0.7510972028592049,1,REJECT,high_spoof_score,0.4963838513239738,0.0137778277878849,0.4836601258640862,0.0248977324063007,1.0,64,0.815767910413837,GOOD,REJECT,good_quality_high_spoof_score
REALVSFAKE__test_real_video_75,0,0.9997336268424988,-0.2076049851207542,0.6161198127061156,-0.3776313581261238,0.0112723841493928,-0.0799217387663824,2.9764492701219583,1.809752421862604,27.97348051340912,-0.1573961191812276,21.0722171060703,11.961230744617984,79.96791257445076,56.442123327145936,97.49520505096652,183.11239167481244,4.434366681537654,4.124386178779746,19.60665755480608,0.6186065731316369,1.0,5.375998567708851e-06,0.8497743892159091,1,REJECT,high_spoof_score,0.5657066966869213,0.01353174697009,0.5061777425802965,0.0131628080343571,1.0,64,0.7988497691828218,GOOD,REJECT,good_quality_high_spoof_score
REALVSFAKE__test_real_video_76,0,0.0033259333577007,-0.3251987218955015,0.6515325652174772,-0.5512091366519575,-0.0773374930309176,0.9350851453321708,1.0729521168458964,1.4052062551063065,12.235507236901856,4.97719472224824,2.9549993986695235,154.5254209592907,2.1925035682340868,14.505450391697243,359.3498475111603,12.950478234287155,1.795648701979977,39.96393158244032,1.0526527174916944,0.777235894903828,0.5625,0.8815546768339367,0.1350602448791361,0,ACCEPT,low_spoof_score,0.627484195573484,0.006148501037134,0.5350802897145048,0.0084994077682035,1.0,64,0.785362148015113,GOOD,ACCEPT,good_quality_low_spoof_score
REALVSFAKE__test_real_video_77,0,0.9995821118354796,-0.323579610923259,0.6008886712021706,-0.5169527452046945,-0.1034895928878962,0.9350851453321708,2.248755926589501,1.8523503401334915,41.445847402844414,2.492715282846885,11.738810469030096,14.36838895621235,5.568290903634287,52.667440287156445,40.4788452650175,17.57545967933159,1.7374843624630565,1.3153682638431832,0.8744954880577255,0.9958397517446288,0.890625,4.3831998728231386e-08,0.8496448016349575,1,REJECT,high_spoof_score,0.3147790062598932,0.0186760032876275,0.4943101281504042,0.0201583437544667,1.0,64,0.7461187468634546,GOOD,REJECT,good_quality_high_spoof_score
REALVSFAKE__test_real_video_78,0,0.902973473072052,-0.2896722513351521,0.6373986228959844,-0.5075848709994046,-0.020453452212566,1.4425885873814477,1.6404159257204167,1.5263560397791156,39.29799361689084,-0.1573961191812276,5.779426438814092,72.66589888832793,1.3853854636819245,29.887690776277857,359.69362341818726,4.811119263791868,1.050149530998482,12.318290426282696,0.3571371116904868,0.6241893977834385,1.0,6.073481704815029e-09,0.7675274530222664,1,REJECT,high_spoof_score,0.602167659717967,0.0482176728490391,0.4183476196098535,0.0160199586267855,1.0,64,0.7483219520489061,GOOD,REJECT,good_quality_high_spoof_score
REALVSFAKE__test_real_video_79,0,0.9993740916252136,-0.213532035903596,0.6210223409967855,-0.5399467640039912,-0.0153188817743821,0.4275817032828942,1.3515476390582628,1.5159919064998812,21.36728236887113,-0.1573961191812276,22.81539959375492,154.95052599333198,75.13292746174041,54.15256513689075,328.55982086506185,164.6790968049733,1.0897514228597176,5.916300671832267,3.0727869258504907,0.9511518477277748,1.0,4.640877477007309e-06,0.8494686740130531,1,REJECT,high_spoof_score,0.4491882480241807,0.0060388267212687,0.2977873064665792,0.017428908060765,1.0,64,0.7329950324647847,GOOD,REJECT,good_quality_high_spoof_score
REALVSFAKE__train_attack_1,1,0.99098539352417,-0.331123835697981,0.6247525557183854,-0.5083857459399781,-0.0732616326114332,0.9350851453321708,1.1260810452751742,1.344171817805245,43.21474864887733,-0.1573961191812276,27.335796544486392,101.51957359075848,77.35941324593236,81.32639508673937,359.1036259666972,358.8582297380077,1.664492264483853,12.527873473831114,9.0192975456169,0.7565350080784213,0.984375,6.744505334411469e-11,0.8423375845056613,1,REJECT,high_spoof_score,0.3692582684832952,0.0459423435956861,0.2323423567684073,0.0294303658605859,1.0,64,0.6721317807229077,MEDIUM,RETRY,medium_quality_gray_zone
REALVSFAKE__train_attack_11,1,0.9914404153823853,-0.2263917849356655,0.573209194663736,-0.3499444048840534,-0.0465088218099917,-0.0799217387663824,0.7065504548121728,1.2090193155124769,35.912228200529775,-0.1573961191812276,11.281768022542648,173.86581698683054,20.840031384072976,58.42377022616869,359.8122005772069,167.35854653939515,1.159876107524879,24.140146210133928,2.8340033861822804,0.8687793697811146,0.984375,1.4509515367913702e-08,0.8427243552514547,1,REJECT,high_spoof_score,0.5157880963907493,0.002324416206812,0.2268157566172066,0.0233927573391501,1.0,64,0.7227216138287008,GOOD,REJECT,good_quality_high_spoof_score
REALVSFAKE__train_attack_12,1,0.9988045692443848,-0.2502916672786553,0.585836801017207,-0.3791379021103056,-0.0434129832135352,-0.0799217387663824,2.168266861914687,1.8592298683261024,124.17037221243076,-0.1573961191812276,45.67800569519522,163.61351141616635,117.75923123241944,140.72800748606954,347.7046708029043,345.5291240729896,11.351051840828507,36.213649878774106,22.44437734539489,0.7678020195078814,0.984375,1.2007888734977952e-27,0.848983883857727,1,REJECT,high_spoof_score,0.4085785053062023,0.0372940348551902,0.3797098885388059,0.0370815329400816,1.0,64,0.7407357578827845,GOOD,REJECT,good_quality_high_spoof_score
REALVSFAKE__train_attack_13,1,0.9056589603424072,-0.321839425037669,0.6253231923685232,-0.6026698063838609,-0.0827824553737884,0.9350851453321708,0.7570644397812901,1.2596130631671567,15.948489997349212,-0.1573961191812276,0.8761643243527485,2.64779860425633,0.6225758451694408,3.638107797357184,8.34498667782887,1.985141175581468,0.5044896346313206,0.4160247208415195,0.1481073277711244,0.8889732335008043,0.984375,0.0005152275342984,0.7698874004211909,1,REJECT,high_spoof_score,0.4224799765681735,0.0071871741396358,0.1630861580255177,0.0044749573471144,1.0,64,0.6749940698152552,MEDIUM,RETRY,medium_quality_gray_zone
REALVSFAKE__train_attack_15,1,0.9915382862091064,-0.1919646325751358,0.5905945119833964,-0.3183381847575319,0.0125906732933411,-0.0799217387663824,1.2742756187506403,1.618682255419095,12.687208660596289,-0.1573961191812276,25.837715662875205,174.56565605516042,59.27239178311025,76.58796759031982,359.4469507478283,181.9981373006806,5.109411560178056,23.011357625268456,8.601824834687356,0.8274370648195367,0.984375,0.0001509825723581,0.8428301906635941,1,REJECT,high_spoof_score,0.5568098121482389,0.0169044454398768,0.4241641492234063,0.041254834301146,1.0,64,0.7731978605529151,GOOD,REJECT,good_quality_high_spoof_score
REALVSFAKE__train_attack_16,1,0.998333752155304,-0.2790188593427573,0.6154857540421861,-0.4603393753541653,-0.0245522713721079,2.457595471480001,1.2092715011474298,1.4335056567211295,78.69745766856762,-0.1573961191812276,8.902873510605492,131.88920822549363,21.30866689822548,50.26787362929545,358.73402451717976,173.8906108144193,1.6069300100280144,29.444820906230625,3.0989756384041045,0.7027006839134801,1.0,5.743677202113487e-17,0.8485836893320083,1,REJECT,high_spoof_score,0.3994695590371746,0.0224333593978805,0.2127069589994672,0.0272270923848039,1.0,64,0.6808702553550013,MEDIUM,RETRY,medium_quality_gray_zone
REALVSFAKE__train_attack_17,1,0.6291640996932983,-0.268252003951396,0.6590761082202051,-0.5811333806145172,-0.0283017500009065,0.9350851453321708,2.343184588308352,2.409615822393857,436.9014348285743,-0.1573961191812276,17.82309068024058,167.48350949779413,65.50937874739142,123.54495503924744,359.9039097100326,281.4599917441876,3.8342832231975006,14.432749372474785,20.26664555308994,0.9222501423225068,0.984375,7.896204480430046e-90,0.5347894847393035,1,RETRY,gray_zone,0.4078023855393575,0.0504716987341239,0.2287844822251851,0.0531054249078598,1.0,64,0.6856247681844392,MEDIUM,RETRY,medium_quality_gray_zone
REALVSFAKE__train_attack_19,1,0.99424946308136,-0.161985114503303,0.6333659715364798,-0.34878253559991,0.0676592634989221,-0.0799217387663824,1.701273894703763,2.043615960363771,219.76102260035407,-0.1573961191812276,30.329061534103584,158.31915374081416,139.4402523482443,108.0476212204429,356.98530034774365,358.5350946243328,13.070656391771768,45.05656875496599,48.13420363498202,0.7780518656150368,1.0,2.116041596274109e-45,0.8451120436191559,1,REJECT,high_spoof_score,0.4253174149627057,0.0185266719601324,0.1978171878351632,0.0530678202961514,1.0,64,0.6865839809333696,MEDIUM,RETRY,medium_quality_gray_zone
REALVSFAKE__train_attack_2,1,0.899863064289093,-0.2542150619245203,0.669071902843806,-0.5583539739016604,0.0136587249967753,1.4425885873814477,1.2971572484089189,1.42309221639721,65.06508920859379,-0.1573961191812276,22.062954544809905,156.91290082780037,75.91063491225505,59.14252341045251,359.0462715542382,177.53426885087995,2.3400614176409498,23.22239081239353,11.967620442522128,0.4837621578381585,0.984375,6.272600076773394e-15,0.7648836046457299,1,REJECT,high_spoof_score,0.2562072049438506,0.0197120253405303,0.3156143997533197,0.0747812710022159,1.0,64,0.6599911180901227,MEDIUM,RETRY,medium_quality_gray_zone
REALVSFAKE__train_attack_21,1,0.9997976422309875,-0.1236634312324472,0.7085790146199832,-0.3803524154058406,0.2077754707340624,-0.0799217387663824,1.6646350346566787,1.6347749079161311,29.68768401427097,1.0020276192060715,50.2816423643889,104.24068139047364,99.47873997465918,159.71257933334698,357.5358566202576,358.96424653747,35.51657870693211,61.417941110063374,71.38129268414278,0.1554188111817182,0.984375,8.300849420740367e-07,0.8498281204090807,1,REJECT,high_spoof_score,0.5542998089426744,0.023005207312642,0.5953661488349105,0.0135371504261449,1.0,64,0.8332074474182525,GOOD,REJECT,good_quality_high_spoof_score
REALVSFAKE__train_attack_22,1,0.9686486721038818,-0.2477989918037433,0.7205079012934074,-0.5021355617584141,0.2516665106975961,1.950092029430724,0.5922716686109941,1.190398492794231,20.69639459012412,-0.1573961191812276,32.67568912342387,158.00161476111296,35.04225250077895,129.0005440387143,358.1905092465597,209.739734225676,5.797056423226008,34.17293324973445,8.003254648704777,0.8477599207193031,0.984375,6.957717379604673e-08,0.8233513817248755,1,REJECT,high_spoof_score,0.5294395202030948,0.0230123823479808,0.1273758936231357,0.004638193758396,1.0,64,0.6793538973346624,MEDIUM,RETRY,medium_quality_gray_zone
REALVSFAKE__train_attack_23,1,0.9956991672515868,-0.3175168214672849,0.6636271904476372,-0.5931462016212363,0.0703596730696971,1.4425885873814477,0.6767417707511687,1.2070552553251463,22.56280986699304,-0.1573961191812276,21.614933745982498,140.8569234149188,75.14156592328315,84.3224298692025,359.69403373245024,349.2895714341805,4.116550494301449,27.694184438321564,16.459655868529985,0.6265200912631507,1.0,3.802915674278735e-06,0.8463448626011999,1,REJECT,high_spoof_score,0.4293386204464907,0.005123586146166,0.1724728393849926,0.0182617906692836,1.0,64,0.6813324040414188,MEDIUM,RETRY,medium_quality_gray_zone
REALVSFAKE__train_attack_24,1,0.6469458341598511,-0.2710925720119342,0.6707973310652096,-0.5029103380315221,0.029664301605849,1.950092029430724,1.2565689679260597,1.446471379448678,27.24188529909236,0.1738678060722863,21.99420976043568,112.64944782808536,68.52134803353825,60.63099247880435,359.93472123490244,178.88690969861108,1.867390523196081,36.14858803960833,11.852945954233386,0.3724294729781374,0.984375,2.3258632236772537e-07,0.5499039939238217,1,RETRY,gray_zone,0.333816715104734,0.0136267738628915,0.6159371669932145,0.006862056552494,1.0,64,0.7970606784100851,GOOD,RETRY,good_quality_gray_zone
REALVSFAKE__train_attack_25,1,0.9998152852058412,-0.3892255668476742,0.6329234086004443,-0.5942383614602953,-0.113987701236103,1.4425885873814477,1.1897844540665272,1.4888729717740294,59.38298578303776,-0.1573961191812276,27.10049063793824,128.47921073555722,70.83774765444821,65.87236775775938,357.8924462368287,179.96704823857186,3.5623825385549184,16.84611516358303,4.267118857047977,0.8842402038050823,0.984375,2.3620915464875852e-14,0.8498429924249685,1,REJECT,high_spoof_score,0.4660851243480127,0.0233260103722226,0.213147877878426,0.0315017701940847,1.0,64,0.7075369054408208,GOOD,REJECT,good_quality_high_spoof_score
REALVSFAKE__train_attack_28,1,0.9975495934486388,-0.2241075940231245,0.6171236385203065,-0.4157092661003222,0.001177400493926,-0.0799217387663824,0.7375140812622892,1.24638769276026,56.903951714561785,-0.1573961191812276,1.3734374769022235,7.428930030321761,1.3219259376107264,4.659019676327746,20.008293905392293,4.490537253335363,0.3581201162821658,0.5271120658638613,0.1486104382223562,0.990601205957794,0.984375,2.6580069021693592e-12,0.8479171544317416,1,REJECT,high_spoof_score,0.4857495059565348,0.0175079647734821,0.1528872167468835,0.0052712454107423,1.0,64,0.6951841335280008,MEDIUM,RETRY,medium_quality_gray_zone
REALVSFAKE__train_attack_29,1,0.9926636219024658,-0.2949121924362514,0.599955947767066,-0.4597558882751776,-0.057486263331669,2.965098913529278,1.8187504579193008,1.5142945050957677,39.61644836160448,-0.1573961191812276,35.3902861859893,169.32558717713664,113.77982018115154,131.69989809732016,359.56421180014604,345.2723722977844,6.2424786945615525,72.68619642390284,29.603736749302648,0.5355839383065603,0.984375,2.856293606002225e-10,0.8437640786599403,1,REJECT,high_spoof_score,0.5026973951714173,0.0301202003627063,0.5002134633548655,0.0886113912152576,1.0,64,0.8194777240512301,GOOD,REJECT,good_quality_high_spoof_score
REALVSFAKE__train_attack_3,1,0.9968427419662476,-0.2787004579651817,0.6656934364316255,-0.4774310672417159,0.1810570125352952,0.9350851453321708,1.1187436658981769,1.3567529786661314,32.34697017674649,4.97719472224824,38.71128495974816,130.2454701259354,79.57455708839659,143.60615084299917,339.1998101955005,323.6241254578951,28.493746566063194,71.56771052825654,56.62491502502103,0.3030561269604269,0.5625,0.0001250804625241,0.8473350927406891,1,REJECT,high_spoof_score,0.2166730718859689,0.0093425592187079,0.2196680485411225,0.0109790854527836,1.0,64,0.6121516618609742,MEDIUM,RETRY,medium_quality_gray_zone
REALVSFAKE__train_attack_30,1,0.999550998210907,-0.3391257334664658,0.6572670944383875,-0.6386922468800963,-0.0703751589126697,0.4275817032828942,0.8939043366491903,1.298126045413642,32.70173316112721,-0.1573961191812276,11.160059446613344,160.34390595020272,37.6671525441168,83.01600890590817,355.9726793346823,357.00820421987027,3.9988425141611392,42.93102652707783,14.91615808454736,0.6634514317929746,1.0,3.816132465565461e-07,0.8496184057212578,1,REJECT,high_spoof_score,0.3967071325098507,0.0167606822392761,0.294866625261609,0.1240155502722552,1.0,64,0.7093720695096121,GOOD,REJECT,good_quality_high_spoof_score
REALVSFAKE__train_attack_32,1,0.9981752634048462,-0.1687435118013414,0.6464190980746956,-0.3720203998646996,0.0927517555093776,-0.0799217387663824,1.4610668010302723,1.4343117419414426,83.07971360917874,-0.1573961191812276,38.45089128109471,156.32570182610445,76.81843789444335,137.91427166139414,347.97109261493546,261.38797279855004,13.35804444191924,30.165515013132687,21.38617123607452,0.7903101306506902,1.0,3.1755821758689887e-19,0.8484489738941192,1,REJECT,high_spoof_score,0.5986271744827126,0.0170619525304094,0.3404536851825946,0.0153464138237797,1.0,64,0.7271486271412616,GOOD,REJECT,good_quality_high_spoof_score
REALVSFAKE__train_attack_33,1,0.8521948456764221,-0.313127883139847,0.595023753806673,-0.4866123104502573,-0.0613325363505793,2.457595471480001,2.084231985287504,1.888640024277546,35.83855616357971,-0.1573961191812276,8.60296416427594,151.75698445031688,21.8823249263002,36.015406159220404,356.0521787698867,176.80152748596703,2.3825130229052567,29.63057922447204,6.257702143682084,0.7455609766556553,0.984375,1.2865214221469878e-07,0.7243656381227801,1,RETRY,gray_zone,0.2934001873813279,0.0412103368556663,0.3478315925619112,0.0174652239178573,1.0,64,0.6829195818208501,MEDIUM,RETRY,medium_quality_gray_zone
REALVSFAKE__train_attack_34,1,0.9989816546440125,-0.2329676695770352,0.6038275805786951,-0.3926906561666134,-0.0057898075467921,-0.0799217387663824,0.7543331029390863,1.2420909274164065,35.760301461858035,-0.1573961191812276,34.48682292711133,154.12652036865234,95.70253140328984,130.41583004851762,359.92335926311324,358.8386576281412,16.572672737195802,55.7468125435728,42.12425637684967,0.6919570398551527,0.984375,6.5738201099287155e-09,0.8491344074334836,1,REJECT,high_spoof_score,0.6381437487116277,0.0763880599168371,0.1222566327345822,0.0094138091578654,1.0,64,0.6260741129849271,MEDIUM,RETRY,medium_quality_gray_zone
REALVSFAKE__train_attack_36,1,0.9980652928352356,-0.2228470835913278,0.6546829558330962,-0.4595202185841812,0.0198824247153923,0.4275817032828942,2.915593034426577,1.8982511537233964,76.3128022202392,-0.1573961191812276,26.8348559458708,165.2195957498188,75.87517188517153,141.77432511089876,359.38887372573134,183.72104490688625,6.611432768709842,23.63770068060209,24.511895557886813,0.7004756263605569,1.0,1.0215799905139196e-16,0.8483554989099502,1,REJECT,high_spoof_score,0.4527718740780456,0.0243724606400235,0.347230098774161,0.0281400372818855,1.0,64,0.7489834151061711,GOOD,REJECT,good_quality_high_spoof_score
REALVSFAKE__train_attack_4,1,0.877281129360199,-0.1694389150328039,0.6447751603922298,-0.4418408121440009,0.0719114188246016,0.4275817032828942,2.308465344683108,2.054526786816712,446.9787073055064,1.0020276192060715,42.47394732996827,132.96005427911996,85.30656361725818,154.01061409102414,340.72866196707514,338.4833192944721,24.41328862648933,55.37782248913138,44.0762406608567,0.4588990535757307,0.890625,1.3747221910360974e-91,0.7456889599561691,1,RETRY,gray_zone,0.4557121659156284,0.0578196561562105,0.3206600441923769,0.051782658726577,1.0,64,0.7358429334101517,GOOD,RETRY,good_quality_gray_zone
REALVSFAKE__train_attack_42,1,0.9994685053825378,-0.3095563505252801,0.6273123158919488,-0.6423014844074605,-0.0956851817786413,0.4275817032828942,1.2251670517574418,1.3818393323519935,153.37545206032394,-0.1573961191812276,2.444341093054967,9.644609059563871,1.4085786381614924,10.313819649949192,27.8936315230288,10.795480294188492,0.8806262049136129,1.3226636587800664,0.3483774212997285,0.8556693283494309,1.0,8.729885206450891e-32,0.8495482295751572,1,REJECT,high_spoof_score,0.6374121023938546,0.0180436969169561,0.4417017607197004,0.016244416233831,1.0,64,0.7469242207568099,GOOD,REJECT,good_quality_high_spoof_score
REALVSFAKE__train_attack_43,1,0.978787362575531,-0.2619404762073536,0.5963187917464702,-0.4083903127711242,-0.0335299083012611,-0.0799217387663824,1.129406420140212,1.484323099941568,11.179818136008643,-0.1573961191812276,19.40160064100596,43.90952614226906,1.2320322010361882,60.26711703862432,358.32723404176966,4.754571142279996,1.0663824245052684,6.237788570131235,0.2537367255272217,0.5378033564827528,1.0,2.8780105191059434e-05,0.8319735752049799,1,REJECT,high_spoof_score,0.4995306996641249,0.0066628283934258,0.2996489438221869,0.0063066330902741,1.0,64,0.7536899859444015,GOOD,REJECT,good_quality_high_spoof_score
REALVSFAKE__train_attack_44,1,0.5013325214385986,-0.2037624798660734,0.7069576170500048,-0.4271344363653345,0.1597865735693692,-0.0799217387663824,1.2241803156799145,1.5065390588327314,65.98554280548596,-0.1573961191812276,41.01965560479454,57.650906367400005,64.47867322437594,156.32073176241036,329.42594036701325,354.785498866075,13.657455185142489,21.21261281054129,24.359849396780973,0.4612908270119788,0.984375,1.708620124485146e-16,0.4261326432228088,0,RETRY,gray_zone,0.725752013052038,0.0158932257574206,0.3563015747627588,0.0256530778090395,1.0,64,0.6820207620825374,MEDIUM,RETRY,medium_quality_gray_zone
REALVSFAKE__train_attack_45,1,0.999783456325531,-0.1680005297846426,0.8181585912684458,-0.5639121924353087,0.3444509024737086,2.457595471480001,1.1955719025834786,1.831110146454172,59.722187567861006,0.6707636939525575,54.54250037651296,149.38622713887784,100.62438691532417,164.89275544070313,359.5507119680705,358.9820299685301,7.960532722499244,52.63194064133829,49.73088382596447,0.6370127051265405,0.984375,3.73757759036116e-17,0.8498159378767013,1,REJECT,high_spoof_score,0.2829426329812886,0.0641020438605756,0.1909665875249991,0.0269291499072024,1.0,64,0.6204000522471789,MEDIUM,RETRY,medium_quality_gray_zone
REALVSFAKE__train_attack_46,1,0.9997017979621888,-0.4015782635274501,0.5909029438606257,-0.5664986645022664,-0.1599318489749662,0.4275817032828942,0.8865663382407768,1.351917565061321,14.27697497508904,6.9647782737693245,5.472359254371524,32.565512417769966,4.548867973452277,18.46075146747057,262.8748530438383,14.52703067231225,1.547767635831666,9.273146738614113,0.8947344030593176,-0.0620138817004009,0.984375,0.8276669319227569,0.973896568056274,1,REJECT,high_spoof_score,0.3766263669747413,0.0207536903886786,0.3724176856822638,0.0093752039398156,1.0,64,0.727883683220387,GOOD,REJECT,good_quality_high_spoof_score
REALVSFAKE__train_attack_48,1,0.9998053908348083,-0.3660925513989487,0.5944462068979494,-0.5695283034287569,-0.1348968927641983,2.457595471480001,0.987490279949508,1.4267406971084082,61.782849352417976,-0.1573961191812276,2.061641440770102,40.85659419191105,22.611366981362764,17.086567527049542,343.5426183855867,183.030425323052,0.9406593211341224,12.309012884568288,6.189383581957785,-0.0958010684953963,0.984375,4.7198278757247e-13,0.8498345822096579,1,REJECT,high_spoof_score,0.5885691847015138,0.0434307870278919,0.1745135277507398,0.0083557014298389,1.0,64,0.6691374427779696,MEDIUM,RETRY,medium_quality_gray_zone
REALVSFAKE__train_attack_49,1,0.9336616396903992,-0.2228139639552747,0.6321662777756613,-0.4021168056972407,0.0506056866744718,-0.0799217387663824,0.898842969288158,1.3036862379897214,11.946309275969778,-0.1573961191812276,38.21389728436105,166.37416718513418,87.12086417424756,134.20018198937035,348.22279664912094,210.27894681851672,16.70444669459387,46.756328466987874,25.634526273764774,0.7133795177886841,0.984375,0.0001084322085905,0.7936286585681278,1,REJECT,high_spoof_score,0.5068863184090187,0.0030152218384215,0.3723284584181445,0.0046361053043605,1.0,64,0.7771081498069798,GOOD,REJECT,good_quality_high_spoof_score
REALVSFAKE__train_attack_5,1,0.990558624267578,-0.3019468413279261,0.6122038656358617,-0.5080989636997397,-0.0667670454123624,0.4275817032828942,0.8803862071449174,1.342265744897899,47.81201836574216,5.474090610128511,9.218005238938638,125.81543552265902,31.731194033829528,53.72110517358544,358.5904709512343,185.65448284483256,2.727008719784368,14.265161759085126,6.803808992033083,0.82969441463523,0.484375,5.584672161109792e-07,0.8419749143975237,1,REJECT,high_spoof_score,0.4774269409622934,0.0065834783490856,0.3980964823959402,0.0249419583295613,1.0,64,0.7793170234711337,GOOD,REJECT,good_quality_high_spoof_score
REALVSFAKE__train_attack_50,1,0.9932255148887634,-0.322213930642216,0.5806956079627298,-0.4488789176487901,-0.1041060585729759,2.965098913529278,1.788998074765607,1.5532920316853145,40.85238495912085,-0.1573961191812276,3.271954277959152,165.40141018111063,1.2487779864954514,16.324858238704646,358.71826302485607,4.726070205778519,0.6022835136328144,20.46752135860993,0.2655895616145317,0.8829028798987609,1.0,8.52505067552105e-09,0.8442416889342066,1,REJECT,high_spoof_score,0.3365038536587053,0.007530802424491,0.4360356719389053,0.0200773139855768,1.0,64,0.7360844062784253,GOOD,REJECT,good_quality_high_spoof_score
REALVSFAKE__train_attack_51,1,0.9995819926261902,-0.1897055132816499,0.6711378838448409,-0.4718836327540376,0.1164478687320956,0.9350851453321708,2.455083926075903,1.9357590932905169,41.850262052085895,-0.1573961191812276,42.08836450793388,121.82772212228691,91.34679007884692,149.75317336439264,337.2693321372764,349.7675528209322,41.569945278462825,89.14915744482371,66.29907833022126,0.1449358743529211,0.984375,6.834330493069371e-08,0.8496447039837574,1,REJECT,high_spoof_score,0.4141513973061555,0.0074944883655457,0.4507515180505795,0.021043406399171,1.0,64,0.7722994169853332,GOOD,REJECT,good_quality_high_spoof_score
REALVSFAKE__train_attack_53,1,0.998008906841278,-0.181558955817801,0.8887988566451943,-0.5571722434677648,0.8949992658577038,1.4425885873814477,2.0004858249128668,1.6781691071398306,78.0552961363684,1.8301874323398568,36.70776960701683,147.48492805549958,111.52958593216093,163.50259036006216,358.7514947678384,359.25275618462206,30.1236921990488,58.71549938081935,39.23902070492112,0.6564672943474976,0.875,2.246158117816405e-14,0.8483075708150896,1,REJECT,high_spoof_score,0.3956857305566902,0.0404314645357175,0.6596121231895897,0.0308837193209585,1.0,64,0.8330738156586748,GOOD,REJECT,good_quality_high_spoof_score
REALVSFAKE__train_attack_54,1,0.999893307685852,-0.3160202449640152,0.6376791487559167,-0.6144616302236676,-0.0490695336468047,0.9350851453321708,2.303528940557239,1.8104283148313507,49.20291964823952,-0.1573961191812276,27.05983490743872,8.585334345879426,72.31740070101678,71.684661042733,26.10401590624357,177.27729606689277,1.7341487147611232,1.1451976744165937,3.2276425794599284,0.9107872669670606,0.984375,6.9610396026919504e-12,0.8499093115340184,1,REJECT,high_spoof_score,0.1600262672500038,0.0069178762256635,0.4727979596404802,0.0615008550023424,1.0,64,0.6784521113403201,MEDIUM,RETRY,medium_quality_gray_zone
REALVSFAKE__train_attack_6,1,0.9946755170822144,-0.3327432467657725,0.6437334295946036,-0.5689682429348386,-0.0276267758693304,0.9350851453321708,2.654717843633092,1.7508276915033905,57.71038302152702,2.327083320220128,9.911562846730586,144.0507075943734,2.5671572648739427,48.070095662747214,357.96561170392044,12.289881267532463,2.056236544877193,21.63726856988349,1.261889645401033,0.8552312318259948,0.984375,7.896586093656472e-11,0.845474189531727,1,REJECT,high_spoof_score,0.5009006242163387,0.0451387800840825,0.3950522214353383,0.0670814698907624,1.0,64,0.7811372108032205,GOOD,REJECT,good_quality_high_spoof_score
REALVSFAKE__train_attack_7,1,0.9895456433296204,-0.2009000321118659,0.6520559313929144,-0.34145164962813,0.1691757149176148,-0.0799217387663824,2.131105167933425,1.9703377823834936,48.65052832610856,2.8239792081003987,23.40258600188701,87.40479256004622,40.61448650751846,118.90066768363889,353.57221209478143,221.11562999587431,11.128357356263397,35.96335918013933,15.09870380726013,0.2879943937314347,0.828125,3.0523455251786623e-09,0.8411137972880292,1,REJECT,high_spoof_score,0.3750970553839302,0.0234279914117145,0.5799297321217028,0.0270320590263771,1.0,64,0.7995000296844109,GOOD,REJECT,good_quality_high_spoof_score
REALVSFAKE__train_attack_8,1,0.996797740459442,-0.3220926783996803,0.625887142339442,-0.4971059210045989,0.0333333605138879,0.9350851453321708,2.143952917365453,2.3085667860478103,260.467016883276,1.6645554697130998,28.830105442836764,160.00953523985405,68.89256955574768,143.97864820368096,358.5873316014138,298.0290257462795,15.784701484635113,50.04826979753472,22.96437038463369,0.5544366555530141,0.984375,5.71457505032426e-53,0.8472780793905257,1,REJECT,high_spoof_score,0.4969503103409616,0.0190952942169648,0.2476084462541459,0.082575938398141,1.0,64,0.732578786192791,GOOD,REJECT,good_quality_high_spoof_score
REALVSFAKE__train_attack_9,1,0.9952823519706726,-0.2487271054928118,0.6033549503581476,-0.3888680947358156,0.0025055657439325,-0.0799217387663824,2.103192422342589,2.0294480720386567,117.17772596552872,-0.1573961191812276,15.28751519009612,90.03839917498297,46.22330132509406,58.00708578704128,347.79706734948326,174.27720248323456,1.245665578995802,6.464722952622093,2.999043651543853,0.8653516661843892,0.984375,8.765456182827337e-25,0.8459899991750717,1,REJECT,high_spoof_score,0.4061211508698049,0.0119651461153165,0.2088682241525628,0.0152532556328679,1.0,64,0.6837575668840215,MEDIUM,RETRY,medium_quality_gray_zone
REALVSFAKE__train_real_video_0,0,0.064699687063694,-0.2471247589491977,0.6255373855425331,-0.5912464826474302,-0.0405840346260328,0.9350851453321708,1.2178148775295958,1.539444285775983,5.667810280562289,-0.1573961191812276,2.552218524683449,129.6265714154918,0.9266338408170316,9.696439458257633,359.0066863672721,3.8409226417578894,0.6342219170802748,6.412904130202016,0.1672695261915145,0.938821580054859,0.984375,0.0745286399361288,0.0661740299945592,0,ACCEPT,low_spoof_score,0.4446063222670434,0.0014075165945587,0.4737155896223538,0.0142457957802635,1.0,64,0.7934318577854574,GOOD,ACCEPT,good_quality_low_spoof_score
REALVSFAKE__train_real_video_1,0,0.5244061946868896,-0.3228989942179421,0.6142254081675123,-0.4877560414795666,-0.04712047770316,0.4275817032828942,1.8557874789733275,1.5714214756439664,28.727643328880383,-0.1573961191812276,20.668467423601594,101.3930579333293,66.45065977264468,67.09481114842418,359.302615913096,359.04151738926305,1.3890792359025017,12.419745952644142,8.895084349777527,0.7381426059308591,0.984375,8.824571285563245e-07,0.4457453978524254,0,RETRY,gray_zone,0.4461618261104113,0.0698213740738012,0.3723755896038956,0.0160109162896915,1.0,64,0.7483229806944578,GOOD,RETRY,good_quality_gray_zone
REALVSFAKE__train_real_video_10,0,0.00457947794348,-0.2732308892062079,0.6008154489594557,-0.5223644379066361,-0.0511608525467642,0.4275817032828942,1.383646027473321,1.4894464011250612,44.9419572080316,-0.1573961191812276,6.676368869948687,116.0100667612907,21.68120351814199,41.5417771810022,359.64683600133253,176.75481190057252,0.882279978097538,12.17496566993023,2.8845053256106032,0.8301844840146578,1.0,1.35757909199268e-09,0.0038925564555948,0,ACCEPT,low_spoof_score,0.6060119944202845,0.0034945605902981,0.3882566747484409,0.0341931024615064,1.0,64,0.7429608543052957,GOOD,ACCEPT,good_quality_low_spoof_score
REALVSFAKE__train_real_video_13,0,0.014382816851139,-0.3120950088227354,0.6191498555168723,-0.5955271187646232,-0.0793550190345288,0.9350851453321708,1.8377695791526485,1.748426728645559,21.321014373023104,-0.1573961191812276,3.843737131511064,175.93643642842343,0.4650123625980487,19.03209852427604,359.48901638228347,2.546306566415051,0.7423608411821201,12.072787780456895,0.1537028136057167,0.931643792215594,0.984375,9.387220524507152e-05,0.0122394751542549,0,ACCEPT,low_spoof_score,0.4365639349393306,0.0145030240534864,0.5486169966926646,0.0122304300803698,1.0,64,0.814466069210142,GOOD,ACCEPT,good_quality_low_spoof_score
REALVSFAKE__train_real_video_14,0,0.0202253963798284,-0.2439557772323101,0.7233834797440304,-0.4679468178657892,0.2440910243064742,0.4275817032828942,3.232368990621955,1.799134340010437,39.056116450996896,1.6645554697130998,33.84639067630294,131.20327052582525,81.37464203337957,123.31016280683798,333.6480417363487,307.8954860603797,9.097982895272915,37.160060483642056,24.028543175692704,0.7238209534474701,0.859375,8.087585385567198e-08,0.0171915990542322,0,ACCEPT,low_spoof_score,0.4639379365099628,0.019319022437667,0.4176594179465953,0.0137614083750287,1.0,64,0.7788581175196434,GOOD,ACCEPT,good_quality_low_spoof_score
REALVSFAKE__train_real_video_17,0,0.1843434870243072,-0.2603810978900852,0.6354593948346429,-0.5607907535198627,-0.0355751173294294,0.9350851453321708,0.9662829136112324,1.3229378194606038,6.423247029027337,-0.1573961191812276,29.563590011539144,164.76734065965795,85.17928252386616,145.9835161033173,357.45510727807795,228.1753581099024,9.025180152665184,12.843460032824236,8.334162018604285,0.91782509298379,0.984375,0.0024810992744307,0.1570641288618257,0,ACCEPT,low_spoof_score,0.5817818191295616,0.0027727737398259,0.383168478763265,0.0072492150638518,1.0,64,0.7509803238543442,GOOD,ACCEPT,good_quality_low_spoof_score
REALVSFAKE__train_real_video_18,0,0.00870425067842,-0.294213488153749,0.6452982615847138,-0.5311403621092888,-0.0710807019439499,0.4275817032828942,1.167854956629607,1.4578428260275118,17.1014007359409,1.4989235070863427,6.697800281520433,122.7955597219256,24.882534348819107,49.11607820016144,359.9316559201544,261.966341440812,2.95395766330341,41.707021181558666,9.450877295429905,0.4811963849183998,0.984375,0.009496919694128,0.0088231510307762,0,ACCEPT,low_spoof_score,0.4701297977090142,0.0078663428888678,0.4927135705473425,0.0081350689929976,1.0,64,0.8093217173418452,GOOD,ACCEPT,good_quality_low_spoof_score
REALVSFAKE__train_real_video_2,0,0.8615522980690002,-0.2841360886456958,0.6692072180451861,-0.5835651111934452,-0.0091345154651745,1.4425885873814477,1.0215812066872425,1.399605853003698,28.61613856225696,-0.1573961191812276,29.01397717753387,1.3531659507957972,99.28666474407774,96.03288482803843,5.943981026035175,359.46273300650176,3.064939579146564,0.815868161707614,17.749285499500168,0.8676818705691878,0.984375,4.42620657597866e-08,0.7323194599979601,1,RETRY,gray_zone,0.487585456665305,0.0037639798559377,0.4333328014948508,0.0165483604341958,1.0,64,0.7961360662109291,GOOD,RETRY,good_quality_gray_zone
REALVSFAKE__train_real_video_20,0,0.0345580130815506,-0.2667984229558857,0.6913955408195711,-0.6100068580860661,0.0930410698370657,1.4425885873814477,1.6943827131716098,1.707960306248434,45.56362547529719,-0.1573961191812276,20.75231853225656,135.79296943568428,49.460049639281365,75.53408427823979,357.2831710803524,174.09889611404046,3.5961325014515104,28.10103290104912,11.109847119563192,0.7018777186351682,1.0,6.02776158804991e-11,0.0293743111283596,0,ACCEPT,low_spoof_score,0.5302713609749454,0.011194546143267,0.4613231033603189,0.0201506203679399,1.0,64,0.7976753598646434,GOOD,ACCEPT,good_quality_low_spoof_score
REALVSFAKE__train_real_video_23,0,0.0057123573496937,-0.2652553316425083,0.7168300041437013,-0.4921350820162351,0.1384606402932112,1.950092029430724,1.6336409982882385,1.5396697237796193,29.24105809409565,-0.1573961191812276,35.354147341461186,91.83370751695487,97.84232523578336,141.11821985670497,345.8303485684006,359.5516639485164,20.350819194103003,34.74523154641559,27.28378165813946,0.4373332594937032,0.984375,6.159739408119422e-07,0.0048555961433307,0,ACCEPT,low_spoof_score,0.5022886102399823,0.0048305643132824,0.3660732131082344,0.0219194631177493,1.0,64,0.7764855958448966,GOOD,ACCEPT,good_quality_low_spoof_score
REALVSFAKE__train_real_video_26,0,0.0027202942874282,-0.2793544752922846,0.6830356184597869,-0.5356804374862582,0.0435009399619385,0.9350851453321708,1.2445121549345943,1.332047592951329,37.31604994959424,-0.1573961191812276,32.40280922308566,112.51834300395944,102.55131350282188,106.8729983936002,351.50032314985543,359.8157071810333,11.8893930594296,44.76977503227108,48.116103322124125,0.6902525017226787,0.984375,2.9854381798275702e-09,0.0023122505921296,0,ACCEPT,low_spoof_score,0.3707280042062398,0.0088573238993284,0.2686697321974813,0.0056206079268971,1.0,64,0.690997009366715,MEDIUM,ACCEPT,medium_quality_low_spoof_score
REALVSFAKE__train_real_video_27,0,0.0131016494706273,-0.2807870223179457,0.7442387478054994,-0.6024482349186426,0.2052718137177459,1.4425885873814477,1.4728893725338226,1.587143490740147,13.962718554481958,-0.1573961191812276,26.56879271707708,150.8611732504197,70.43710286100479,133.84772063604038,358.65349057852825,319.34789389409,8.695957041082872,37.30118749157703,20.672243131358936,0.6383869365674684,1.0,0.0001871570817997,0.0111644756123031,0,ACCEPT,low_spoof_score,0.5648985119655501,0.0187658757828389,0.4845166104105861,0.0141535043385879,1.0,64,0.7908065274900593,GOOD,ACCEPT,good_quality_low_spoof_score
REALVSFAKE__train_real_video_28,0,0.2281852066516876,-0.2410291635934263,0.6088543154884886,-0.4498026126632132,-0.0116282749985799,0.4275817032828942,0.9636145167882776,1.4023021919758187,16.876427203506225,-0.1573961191812276,3.838289727733169,6.847199140527028,30.756861510579128,25.103760658247165,19.80162214456601,180.39357714559264,0.99070911157464,0.5810928963858503,3.1012297755239246,0.7235253345013153,1.0,0.0010485174014215,0.1941147032641476,0,ACCEPT,low_spoof_score,0.561137003514242,0.0376728968737184,0.2549363829220608,0.0131301445298994,1.0,64,0.7091219980859667,GOOD,ACCEPT,good_quality_low_spoof_score
REALVSFAKE__train_real_video_29,0,0.0858681052923202,-0.2462349483647574,0.609771404929333,-0.4233822743352248,-0.017248335143881,-0.0799217387663824,0.991443878847343,1.3324695072727022,28.756435777647976,-0.1573961191812276,31.19700233703,162.64263537841086,130.61421366578963,85.3484891045513,359.5218532689904,359.84531531203083,2.63314745380492,30.423602102001126,20.433618401030905,0.7807123794536514,0.984375,1.1825415216823079e-07,0.072987907236595,0,ACCEPT,low_spoof_score,0.6015635947026863,0.0152743472311293,0.3004467785431209,0.0571914896207808,1.0,64,0.7122397825243484,GOOD,ACCEPT,good_quality_low_spoof_score
REALVSFAKE__train_real_video_31,0,0.9411941170692444,-0.3132582882966297,0.6030071643719558,-0.5394578447127396,-0.0682228304744198,0.9350851453321708,1.4828924249955433,1.492491648715003,36.6050969552057,-0.1573961191812276,7.759260237839046,7.66521942577757,2.8831343812708177,30.35224251202268,26.07244040863017,11.527656755648218,0.8163272446466587,0.8638662415705258,0.3471241592837065,0.9761245772978968,0.984375,1.2298787762090721e-08,0.8000150013536759,1,REJECT,high_spoof_score,0.364269894050888,0.0188248401811443,0.4045724844196135,0.0142079992276339,1.0,64,0.7344846011400483,GOOD,REJECT,good_quality_high_spoof_score
REALVSFAKE__train_real_video_32,0,0.998674750328064,-0.1381883286221294,0.6230147188421096,-0.2877416448640399,0.0883767260329999,-0.0799217387663824,1.1947946467372152,1.3591358367109707,48.708444234742814,-0.1573961191812276,34.44630232779112,72.34272340187493,95.5976932444302,98.24746280746048,359.9542513142119,359.0664307980842,13.799506549201965,37.77972269177027,29.408626199896503,0.1237135064222355,0.984375,1.6526589408231997e-11,0.8488735377813333,1,REJECT,high_spoof_score,0.6611116575656814,0.0188232793459289,0.4230670701691409,0.0311923682419464,1.0,64,0.7308053196310375,GOOD,REJECT,good_quality_high_spoof_score
REALVSFAKE__train_real_video_33,0,0.4669879078865051,-0.2955592530028983,0.6341466030369569,-0.5261269373062554,0.108109100429903,0.9350851453321708,1.2726845223014125,1.411018411342266,33.10639422974244,1.6645554697130998,31.71508782799077,80.37746865622205,62.15571002511646,156.64903522507734,340.93841816649854,351.3437868145737,13.247947449291864,27.97591356425685,39.54869145366053,0.3188326322296901,0.875,7.618371378357769e-08,0.3969397331310864,0,RETRY,gray_zone,0.4677335224285509,0.0277814905513029,0.2699129238686727,0.0172627663032003,1.0,64,0.7273957087427603,GOOD,RETRY,good_quality_gray_zone
REALVSFAKE__train_real_video_34,0,0.2481340020895004,-0.2340933552630536,0.5959910492365001,-0.3850936626936141,-0.0263690473497608,-0.0799217387663824,0.97825151462588,1.336404672584976,20.76903497581543,-0.1573961191812276,21.48118058348316,126.79782148492708,87.77979288735582,59.14888713953871,359.31883541609056,180.6873134567627,2.046136825869628,33.57609402929187,11.699532599043996,0.7185558054375124,1.0,8.6363422560401e-06,0.2109151972274137,0,ACCEPT,low_spoof_score,0.4573576502360204,0.0111575657995896,0.2346051056765384,0.0088226512955582,1.0,64,0.7133812122112582,GOOD,ACCEPT,good_quality_low_spoof_score
REALVSFAKE__train_real_video_35,0,0.0128943864256143,-0.1868082271623354,0.8133811307914987,-0.6182403575386167,0.3188295043678151,0.9350851453321708,1.145556887887442,1.3709675124479748,10.057344787451884,-0.1573961191812276,35.25792135997061,145.0790477089044,72.53196748061072,103.66881503798469,355.10163862695936,182.25511323625227,2.4803597135483586,7.335697111058245,8.830722650570728,0.9595942091706892,1.0,1.605513109878878e-05,0.0109626367314369,0,ACCEPT,low_spoof_score,0.5631549550086239,0.0142750818600493,0.405153150768235,0.0138903856040782,1.0,64,0.7644003584864252,GOOD,ACCEPT,good_quality_low_spoof_score
REALVSFAKE__train_real_video_36,0,0.0609805136919021,-0.2299125877617308,0.6406869288582155,-0.4594416513853619,0.0013980096162653,0.4275817032828942,2.330855958622005,1.6212697700294016,50.3858797583,-0.1573961191812276,18.5386837683196,124.81659349617716,51.57979752417854,69.46457862721807,355.66397234152464,170.30387425353507,5.563584691707289,62.78145342280549,20.65864396730642,0.2111163551787201,0.984375,6.664875768516792e-11,0.0518334366481141,0,ACCEPT,low_spoof_score,0.3325554909079336,0.0120790291706884,0.3132495601080907,0.0155594358125304,1.0,64,0.690847688025402,MEDIUM,ACCEPT,medium_quality_low_spoof_score
REALVSFAKE__train_real_video_37,0,0.856752872467041,-0.1653229136072557,0.7568348284331241,-0.5705795245725936,0.1920559164173241,0.4275817032828942,1.2368224847786002,1.4354515331500624,29.60120000883628,-0.1573961191812276,54.51027826033748,117.9488102101063,82.63201724159383,148.73394641058428,359.92086218351074,359.1761157903697,32.78224146025348,87.62172695553835,63.622184875671934,0.068119998012124,0.984375,1.42839816927715e-08,0.728239943739582,1,RETRY,gray_zone,0.1868716793979117,0.0051928135938257,0.2667758074366274,0.0146582914350814,1.0,64,0.6173412823229104,MEDIUM,RETRY,medium_quality_gray_zone
REALVSFAKE__train_real_video_38,0,0.9860411286354064,-0.221218792423425,0.8755169173265773,-0.5709423056220048,0.8405375431302324,1.4425885873814477,1.4279256541945142,1.6648855577283936,40.24353049929045,1.0020276192060715,32.363747247423134,162.01276757008137,101.42668561517006,106.23765505781223,358.0689350986681,359.1796926821539,10.70923057213128,42.65793084509573,31.352917259519195,0.5929409575104375,0.953125,3.9948273702470205e-09,0.8381349599393195,1,REJECT,high_spoof_score,0.5219761917679397,0.0091776172977885,0.558473745853814,0.0250385696278372,1.0,64,0.8352986917469908,GOOD,REJECT,good_quality_high_spoof_score
REALVSFAKE__train_real_video_39,0,0.9830781817436218,-0.0891077834140834,0.7447803729625806,-0.3826214042022802,0.2082648724052676,-0.0799217387663824,1.337844326305814,1.4648943499435485,37.16218863494348,-0.1573961191812276,44.74202671270042,118.38071188101551,79.98552129112626,141.55112071408118,321.2882436911256,330.571689749691,36.459128984056335,67.59885581638534,62.180342236329366,0.1946732745543877,0.984375,1.8788475496649962e-08,0.8356164573003498,1,REJECT,high_spoof_score,0.394309976327047,0.0047421807951693,0.3891149935022834,0.0354843750722691,1.0,64,0.7432029111373426,GOOD,REJECT,good_quality_high_spoof_score
REALVSFAKE__train_real_video_4,0,0.0488227382302284,-0.2117087644730307,0.6526675948569093,-0.5203271306185119,0.0457885197487389,0.4275817032828942,1.2219944538459384,1.4176525922518377,35.95964737942236,-0.1573961191812276,30.267427261668058,101.89843853577844,72.59056544353929,145.91228203955404,345.9410169606937,342.48759533974453,16.04023281574803,40.33554827645391,37.34040821365255,0.4930243381013575,0.984375,8.875589995175775e-09,0.0414993288270326,0,ACCEPT,low_spoof_score,0.5386850265321936,0.0139758363888983,0.3345651998921372,0.0055060615109124,1.0,64,0.7495274338910359,GOOD,ACCEPT,good_quality_low_spoof_score
REALVSFAKE__train_real_video_40,0,0.398653507232666,-0.2787912232280721,0.7169955191210702,-0.6008164221164447,0.1564003090488717,1.4425885873814477,0.9642677187387212,1.3587279521159443,17.314932318050996,0.5051317313258005,32.169139429287966,139.94232433081336,76.19702415153427,148.10027463693822,354.4260705014059,325.7638806933222,17.841570026325876,22.633830642848512,29.99261508111388,0.6364690771394961,0.984375,9.80750778907866e-05,0.3388701924094497,0,ACCEPT,low_spoof_score,0.3088526340947258,0.0039531465807533,0.4488407010840682,0.0117631869255056,1.0,64,0.7300423270302012,GOOD,ACCEPT,good_quality_low_spoof_score
REALVSFAKE__train_real_video_41,0,0.0118207773193717,-0.2005426728757369,0.7374080503514403,-0.5799831089656108,0.1467021011608216,0.4275817032828942,1.036610082362912,1.3204992785897598,9.560709526533731,-0.1573961191812276,27.017966550784084,151.74357097329698,86.56717289431334,104.78458203229889,358.3347669107138,355.4949015420539,11.198836723810938,44.29881362889264,18.18246780829612,0.7697692926488959,0.984375,0.0064671549857841,0.0110177339693335,0,ACCEPT,low_spoof_score,0.5403540492947758,0.0122937621220879,0.4742026150214828,0.005424268194232,1.0,64,0.7979852312212955,GOOD,ACCEPT,good_quality_low_spoof_score
REALVSFAKE__train_real_video_42,0,0.0448735654354095,-0.2709717971941356,0.5929261321848394,-0.4113926964571717,-0.0481734587252716,-0.0799217387663824,1.167801719927808,1.5642311581864703,12.189409343979731,-0.1573961191812276,23.155751023821374,166.28518845792263,64.15375616508854,69.2583120762474,359.5376795323101,347.47711525341697,2.1270317872229665,17.729156989559627,8.426501807300891,0.9394760113688732,1.0,0.0004992068788216,0.0382174116519213,0,ACCEPT,low_spoof_score,0.6812293177253541,0.0065048066892666,0.3881815131268034,0.0167256573850953,1.0,64,0.7123960815008494,GOOD,ACCEPT,good_quality_low_spoof_score
REALVSFAKE__train_real_video_44,0,0.0041944035328924,-0.2372413848543325,0.6637607998212536,-0.406298479049383,0.1000450246879876,-0.0799217387663824,1.1998361623975664,1.4445346757240023,18.167285898160795,-0.1573961191812276,24.99366530178682,59.96461893089779,29.76961820826045,115.93967623423762,358.23607742628263,180.65155169786843,4.779220277692523,22.73109459055006,3.7020040193154222,0.3939024050064426,0.984375,2.5738782111988625e-06,0.0035656290846902,0,ACCEPT,low_spoof_score,0.6508120684544072,0.0179029211447849,0.476104307852649,0.0089468898652327,1.0,64,0.7536262421949466,GOOD,ACCEPT,good_quality_low_spoof_score
REALVSFAKE__train_real_video_45,0,0.0069280532188713,-0.1382541586730325,0.7520291472716225,-0.4006529831259396,0.2662901592715196,-0.0799217387663824,3.888211481474736,1.752198123593799,118.99045308107874,-0.1573961191812276,33.72923522542964,161.15099182192148,83.33109965962362,118.97185433726042,355.00218330874384,353.65888129049495,7.962625899015751,39.41685568197591,15.273610828363417,0.3614197343504717,1.0,1.7955419320439834e-24,0.0058888452360406,0,ACCEPT,low_spoof_score,0.4152044837894407,0.0112936805824052,0.3561980477555038,0.0472386785503071,1.0,64,0.7390570581428418,GOOD,ACCEPT,good_quality_low_spoof_score
REALVSFAKE__train_real_video_47,0,0.0065432689152657,-0.1900320718018777,0.7317752580232633,-0.5616904237218144,0.2238783547777183,0.4275817032828942,1.7113639829826104,1.6794114521894854,42.793654718143735,-0.1573961191812276,32.24479420430945,133.63002623662766,134.47055346513423,119.8401677686871,351.2328582087205,357.4550664494619,20.510686787767547,78.7291763577133,94.33964433950474,0.7145489123725132,0.984375,2.686796125691219e-09,0.0055617789809952,0,ACCEPT,low_spoof_score,0.3361251384113637,0.0069024652196299,0.4923549785672375,0.0068535893278646,1.0,64,0.7557389280801341,GOOD,ACCEPT,good_quality_low_spoof_score
REALVSFAKE__train_real_video_49,0,0.2648516595363617,-0.2300889893817637,0.5910317794007194,-0.4151222853733059,-0.000416799690917,-0.0799217387663824,0.9958780937367666,1.331183689619758,8.068686651958135,-0.1573961191812276,29.563131641578604,163.1517251293436,84.43464644803841,90.96043899534078,346.74188946453603,194.4717024222872,8.771097982496542,29.62121982010853,16.634864842324394,0.8318222304732226,0.984375,0.0016747191207962,0.2253751184740269,0,ACCEPT,low_spoof_score,0.6956420731776507,0.006332358332017,0.3618243377216434,0.0139253503911013,1.0,64,0.6974318351817124,MEDIUM,ACCEPT,medium_quality_low_spoof_score
REALVSFAKE__train_real_video_51,0,0.0810655206441879,-0.2346371283979894,0.6529213408770969,-0.4751696719451014,0.0448951596875292,1.950092029430724,1.6880068133903563,1.543921768430916,81.4241799866768,-0.1573961191812276,41.18949486528157,136.15771154367877,93.02701519191952,136.95495836872695,348.685663043349,348.08554505309155,29.221447943963543,88.79102076536978,80.49328210486873,0.244661300125094,0.984375,8.5396974515659e-18,0.0689056925475597,0,ACCEPT,low_spoof_score,0.4535810106287161,0.0152201435315147,0.3354904635047379,0.0321515589078358,1.0,64,0.7465710449484175,GOOD,ACCEPT,good_quality_low_spoof_score
REALVSFAKE__train_real_video_52,0,0.0060496437363326,-0.1814989094265711,0.708615366968925,-0.5410217945984346,0.1061275516697896,0.4275817032828942,1.661856821660478,1.9128506704140644,11.09649528657008,-0.1573961191812276,37.52327529289706,141.7760499472932,87.25420719502118,143.35088166432757,359.7001012862418,352.8722751984968,14.746468160083152,69.15933987511282,36.380829626136126,0.4314793545835575,0.984375,0.0002328738966687,0.005177128260383,0,ACCEPT,low_spoof_score,0.5943370342711738,0.006582048928613,0.6316475137013237,0.0288573755198908,1.0,64,0.8323545087477018,GOOD,ACCEPT,good_quality_low_spoof_score
REALVSFAKE__train_real_video_54,0,0.3539186418056488,-0.3158619036397545,0.6357806701044025,-0.5952530707916859,-0.0385167860624836,0.9350851453321708,3.926808833116601,2.3117799392373115,57.24762582712359,-0.1573961191812276,27.362108888868136,44.406464257006526,77.0378190007356,71.21852252000137,359.38099955992743,175.02258391250348,4.3941512699927605,13.587831781634938,22.154493887389005,0.2263704004421007,0.984375,1.394301818044982e-12,0.3008308455350106,0,ACCEPT,low_spoof_score,0.3736977412589264,0.0023461614699419,0.3866966457474901,0.0113017181106609,1.0,64,0.7344709982947007,GOOD,ACCEPT,good_quality_low_spoof_score
REALVSFAKE__train_real_video_6,0,0.3276985585689544,-0.3295193612041098,0.6429696245116777,-0.6183183464509471,-0.0473783680570264,1.4425885873814477,2.4460147444087608,1.7587799148285657,67.47771877269487,2.161451357593371,2.066591747728144,159.3004703118128,1.8813987929710112,15.735995870557446,357.3978247995848,12.138035049828892,1.2245213782986937,36.87414275455567,0.923401455392034,0.8046019600842678,1.0,4.070171493261156e-12,0.2785437747842217,0,ACCEPT,low_spoof_score,0.652140633953596,0.0656182739157942,0.4296937749802255,0.0218220170242118,1.0,64,0.7296938265742714,GOOD,ACCEPT,good_quality_low_spoof_score
