sample_id,label,score
0,0,0.06865387409925461
1,1,0.05107719078660011
2,0,0.07602548599243164
3,1,0.8389513492584229
4,0,0.0037647378630936146
5,0,0.012940045446157455
6,0,0.02993992529809475
7,1,0.9903649687767029
8,1,0.9835594296455383
9,0,0.00612379377707839
10,0,0.011604764498770237
11,0,0.023350905627012253
12,0,0.03916752338409424
13,0,0.5417692065238953
14,1,0.9867227673530579
15,0,0.039076391607522964
16,0,0.007853480987250805
17,1,0.9839377999305725
18,0,0.10035426169633865
19,0,0.01338618528097868
20,1,0.9897491335868835
21,1,0.9662473797798157
22,1,0.9877106547355652
23,1,0.9812573194503784
24,0,0.015438911505043507
25,0,0.02349495328962803
26,1,0.9883702993392944
27,0,0.007545508444309235
28,1,0.991422712802887
29,0,0.012010383419692516
30,0,0.30151715874671936
31,0,0.3820405900478363
32,0,0.008215196430683136
33,1,0.6456103920936584
34,0,0.009584388695657253
35,1,0.9908545017242432
36,0,0.010024968534708023
37,0,0.023656493052840233
38,1,0.9830491542816162
39,0,0.07819413393735886
40,1,0.9428372979164124
41,0,0.007571219000965357
42,0,0.002647899091243744
43,1,0.8779464364051819
44,1,0.9931982159614563
45,1,0.9845978021621704
46,1,0.9947163462638855
47,0,0.043948955833911896
48,0,0.021068541333079338
49,1,0.9879987239837646
50,1,0.9748436808586121
51,0,0.06731415539979935
52,1,0.9751945734024048
53,0,0.00540744885802269
54,1,0.6874083876609802
55,0,0.007366954814642668
56,1,0.9935543537139893
57,1,0.9448274374008179
58,1,0.08567647635936737
59,0,0.02184588462114334
60,0,0.0049570538103580475
61,1,0.7674110531806946
62,1,0.9828633666038513
63,0,0.151669442653656
64,0,0.05926297605037689
65,0,0.007789074908941984
66,0,0.005108651705086231
67,1,0.6184068322181702
68,0,0.018951423466205597
69,0,0.0072106858715415
70,0,0.024469824507832527
71,0,0.040439870208501816
72,1,0.9833548665046692
73,1,0.991100013256073
74,1,0.9938399195671082
75,0,0.008034201338887215
76,1,0.9829270243644714
77,1,0.9626085758209229
78,0,0.011140472255647182
79,0,0.006760952062904835
80,0,0.007826353423297405
81,0,0.45378607511520386
82,0,0.18594054877758026
83,0,0.02369397133588791
84,1,0.981408417224884
85,1,0.9955014586448669
86,1,0.7704564332962036
87,1,0.9506014585494995
88,1,0.9930043816566467
89,0,0.13630813360214233
90,0,0.31846854090690613
91,0,0.009607614949345589
92,1,0.9673059582710266
93,1,0.9886123538017273
94,1,0.9952810406684875
95,1,0.2480538934469223
96,1,0.8677383661270142
97,1,0.988062858581543
98,1,0.8447967767715454
99,1,0.9598612189292908
100,1,0.9908649325370789
101,0,0.006070670671761036
102,0,0.005535725969821215
103,0,0.005115578416734934
104,1,0.9777555465698242
105,1,0.9907926917076111
106,0,0.006937675643712282
107,0,0.00658208504319191
108,1,0.9768666625022888
109,1,0.7120466232299805
110,1,0.9896348118782043
111,0,0.009201420471072197
112,1,0.9517009258270264
113,0,0.006731923669576645
114,0,0.0042939335107803345
115,0,0.005035229958593845
116,1,0.9915483593940735
117,1,0.9719722867012024
118,0,0.039242859929800034
119,0,0.013117930851876736
120,1,0.9286057353019714
121,1,0.9748390316963196
122,1,0.9909263849258423
123,1,0.9965156316757202
124,0,0.025123344734311104
125,1,0.986205518245697
126,1,0.9791617393493652
127,0,0.024540597572922707
128,1,0.9885919690132141
129,0,0.002665831008926034
130,0,0.02104352042078972
131,1,0.6360452175140381
132,1,0.993990421295166
133,1,0.9931272268295288
134,1,0.9971867203712463
135,0,0.004766926635056734
136,1,0.8565012812614441
137,0,0.010363100096583366
138,1,0.7494160532951355
139,0,0.053960513323545456
140,0,0.035277727991342545
141,0,0.016833821311593056
142,1,0.9757158756256104
143,0,0.07702233642339706
144,1,0.881339967250824
145,0,0.07742652297019958
146,1,0.9632346034049988
147,0,0.007803094107657671
148,0,0.026022080332040787
149,0,0.012516692280769348
150,1,0.9717720150947571
151,0,0.00428842194378376
152,1,0.9916831254959106
153,1,0.9188385009765625
154,1,0.43919774889945984
155,0,0.00468175346031785
156,0,0.028904017060995102
157,1,0.9884877800941467
158,1,0.9762399196624756
159,0,0.2055623084306717
160,1,0.993740439414978
161,1,0.9878208041191101
162,1,0.9899594783782959
163,0,0.008319908753037453
164,0,0.01285178866237402
165,1,0.9943915009498596
166,0,0.02805420011281967
167,0,0.015899039804935455
168,1,0.9852932095527649
169,1,0.9755834341049194
170,1,0.9426921010017395
171,1,0.9845796823501587
172,1,0.9940744042396545
173,0,0.025741400197148323
174,1,0.9914801120758057
175,0,0.02167680114507675
176,0,0.01994219981133938
177,1,0.9300605654716492
178,1,0.7264365553855896
179,1,0.6598021984100342
180,0,0.02375374175608158
181,0,0.040699705481529236
182,1,0.967560887336731
183,1,0.5509427189826965
184,0,0.02537200227379799
185,1,0.9930514097213745
186,1,0.9933938384056091
187,0,0.05130613222718239
188,0,0.20313946902751923
189,0,0.1413133144378662
190,0,0.00678660161793232
191,0,0.003912243526428938
192,1,0.9254763126373291
193,1,0.9936200976371765
194,1,0.9677610397338867
195,0,0.003042650641873479
196,0,0.011599264107644558
197,1,0.9980633854866028
198,0,0.049139298498630524
199,0,0.019219091162085533
200,1,0.9829649329185486
201,1,0.6127857565879822
202,0,0.014341424219310284
203,0,0.007790345698595047
204,1,0.9826440215110779
205,0,0.040311407297849655
206,0,0.011172015219926834
207,1,0.9950114488601685
208,0,0.01407578494399786
209,1,0.9845227003097534
210,1,0.9938908815383911
211,1,0.21589289605617523
212,0,0.02098121866583824
213,1,0.9820111393928528
214,0,0.011377118527889252
215,1,0.9875450730323792
216,0,0.03191959485411644
217,1,0.987112820148468
218,1,0.9915996789932251
219,0,0.10073693841695786
220,1,0.9343580603599548
221,0,0.06680810451507568
222,0,0.0032745928037911654
223,0,0.02668655663728714
224,0,0.0045490688644349575
225,1,0.9926799535751343
226,1,0.8681775331497192
227,0,0.005657624918967485
228,1,0.697815477848053
229,1,0.9902555346488953
230,0,0.008235751651227474
231,1,0.42513221502304077
232,1,0.9856207966804504
233,1,0.7160301208496094
234,0,0.03404148668050766
235,1,0.9769585728645325
236,1,0.9901222586631775
237,1,0.5492415428161621
238,0,0.9519113898277283
239,0,0.042787179350852966
240,1,0.9928796887397766
241,1,0.9923020601272583
242,0,0.27366283535957336
243,1,0.9975294470787048
244,0,0.03107333555817604
245,1,0.993005096912384
246,1,0.9740721583366394
247,0,0.00826059840619564
248,1,0.9857358336448669
249,1,0.9883765578269958
250,1,0.9947190284729004
251,0,0.04398874193429947
252,0,0.302673876285553
253,0,0.005617718677967787
254,1,0.9827097654342651
255,1,0.9968274235725403
256,0,0.016872044652700424
257,0,0.3189462125301361
258,1,0.9930673837661743
259,0,0.1695532351732254
260,0,0.011191943660378456
261,1,0.9890156388282776
262,0,0.5856757164001465
263,0,0.00864453800022602
264,0,0.10566601157188416
265,0,0.07550229877233505
266,1,0.8240470886230469
267,1,0.974668025970459
268,0,0.02314961515367031
269,1,0.9849438071250916
270,0,0.007655804511159658
271,0,0.007682640105485916
272,0,0.007388745434582233
273,0,0.02129499241709709
274,1,0.9902433753013611
275,1,0.9628599286079407
276,1,0.9741917252540588
277,0,0.014592996798455715
278,0,0.03547278791666031
279,1,0.6875733733177185
280,0,0.007383949123322964
281,1,0.9233474731445312
282,1,0.9867100119590759
283,1,0.9938262104988098
284,1,0.9717469811439514
285,1,0.9631252288818359
286,0,0.03593350201845169
287,0,0.005536342971026897
288,0,0.012876070104539394
289,1,0.9939045310020447
290,1,0.6770968437194824
291,1,0.9922921061515808
292,1,0.9735446572303772
293,0,0.004863469861447811
294,0,0.11178594082593918
295,1,0.5560261011123657
296,0,0.018279775977134705
297,1,0.9572311639785767
298,0,0.01725185289978981
299,0,0.016522642225027084
300,1,0.9367275834083557
301,0,0.02559654414653778
302,0,0.01525314711034298
303,1,0.9775955080986023
304,0,0.015142884105443954
305,1,0.9956210255622864
306,0,0.017155872657895088
307,1,0.9900297522544861
308,0,0.9720521569252014
309,0,0.014844230376183987
310,1,0.9918882250785828
311,1,0.7532917261123657
312,0,0.015721578150987625
313,0,0.014372301287949085
314,0,0.016376711428165436
315,1,0.9457725286483765
316,0,0.015593225136399269
317,1,0.9106991291046143
318,0,0.011516408063471317
319,0,0.19717572629451752
320,1,0.9943773150444031
321,0,0.06143110245466232
322,1,0.9522637724876404
323,1,0.9953585267066956
324,1,0.048663925379514694
325,1,0.9930203557014465
326,0,0.023606395348906517
327,0,0.02433527447283268
328,0,0.0015748058212921023
329,0,0.4987652003765106
330,1,0.9954677820205688
331,1,0.9943010807037354
332,1,0.9309781789779663
333,1,0.9734371304512024
334,1,0.9927464127540588
335,1,0.9867063164710999
336,0,0.008862605318427086
337,0,0.007660000119358301
338,1,0.9601638913154602
339,0,0.014965561218559742
340,1,0.993791401386261
341,0,0.01622864603996277
342,1,0.9889388084411621
343,0,0.10434532165527344
344,1,0.9467920660972595
345,0,0.00959823653101921
346,1,0.963509202003479
347,0,0.00886444840580225
348,0,0.010572164319455624
349,1,0.9112058877944946
350,1,0.9949924349784851
351,1,0.9905751943588257
352,1,0.9956923127174377
353,1,0.9370113611221313
354,0,0.01078471913933754
355,0,0.011380568146705627
356,1,0.951285183429718
357,0,0.09106885641813278
358,1,0.12862876057624817
359,1,0.06373501569032669
360,1,0.8850723505020142
361,1,0.6224891543388367
362,1,0.9855257868766785
363,0,0.016598952934145927
364,1,0.9608095288276672
365,0,0.008222629316151142
366,1,0.9872539639472961
367,0,0.014402404427528381
368,0,0.02691792882978916
369,0,0.006570424884557724
370,1,0.8969616889953613
371,0,0.3199995458126068
372,1,0.3324343264102936
373,1,0.985714316368103
374,1,0.8284986615180969
375,0,0.01016711350530386
376,0,0.007763900328427553
377,1,0.9960160851478577
378,0,0.3736591041088104
379,0,0.018945185467600822
380,0,0.014219183474779129
381,1,0.9939146637916565
382,1,0.9911743402481079
383,0,0.02604702301323414
384,0,0.048147592693567276
385,0,0.03602886199951172
386,0,0.7862976789474487
387,1,0.9866509437561035
388,0,0.011710170656442642
389,1,0.8101124167442322
390,1,0.9413208365440369
391,0,0.04431789368391037
392,1,0.9938866496086121
393,0,0.014742606319487095
394,0,0.5521246194839478
395,0,0.013496099971234798
396,1,0.983207106590271
397,1,0.991818904876709
398,1,0.7553685307502747
399,1,0.9928408861160278
400,0,0.003968860022723675
401,1,0.9371917247772217
402,0,0.013955592177808285
403,1,0.34784993529319763
404,1,0.9970023036003113
405,0,0.003454321064054966
406,1,0.9853225946426392
407,0,0.002380457939580083
408,1,0.9731010794639587
409,0,0.009616556577384472
410,0,0.03196747601032257
411,0,0.10997065901756287
412,0,0.09559866040945053
413,0,0.020420579239726067
414,0,0.7145661115646362
415,0,0.034207653254270554
416,0,0.008311989717185497
417,1,0.9625838398933411
418,1,0.8827968239784241
419,0,0.012840106151998043
420,0,0.008625997230410576
421,0,0.003341074101626873
422,1,0.9778067469596863
423,0,0.476939857006073
424,0,0.00391608290374279
425,1,0.8608356714248657
426,1,0.9923749566078186
427,1,0.9883859157562256
428,1,0.996565043926239
429,1,0.9279971718788147
430,1,0.979174792766571
431,1,0.07340364903211594
432,0,0.007418966852128506
433,1,0.9920004606246948
434,0,0.013463051058351994
435,0,0.07228737324476242
436,0,0.007129463832825422
437,0,0.007822825573384762
438,1,0.9444428086280823
439,1,0.9926081895828247
440,0,0.008015783503651619
441,0,0.008005562238395214
442,0,0.8254702091217041
443,1,0.9939392805099487
444,0,0.033372677862644196
445,1,0.9837346076965332
446,1,0.700959324836731
447,0,0.01641346700489521
448,0,0.01675429195165634
449,1,0.9937241673469543
450,1,0.6454358696937561
451,1,0.9867309331893921
452,1,0.8877989649772644
453,0,0.005579909775406122
454,1,0.8387588262557983
455,0,0.01876412145793438
456,1,0.9887019395828247
457,0,0.183462455868721
458,1,0.7587796449661255
459,1,0.728011965751648
460,1,0.9950284361839294
461,0,0.00427170330658555
462,1,0.9813535213470459
463,1,0.9733128547668457
464,1,0.9697223901748657
465,0,0.6730804443359375
466,0,0.01904628798365593
467,0,0.025666842237114906
468,1,0.9714053869247437
469,1,0.2381204217672348
470,1,0.16571836173534393
471,1,0.8793036937713623
472,1,0.92287278175354
473,0,0.006742712575942278
474,1,0.8477448225021362
475,1,0.07109624147415161
476,1,0.9864907264709473
477,0,0.0030564956832677126
478,0,0.08339241147041321
479,1,0.9889639616012573
480,0,0.148778036236763
481,0,0.0549052394926548
482,1,0.9572737216949463
483,0,0.011012133210897446
484,1,0.9887071847915649
485,0,0.3017636835575104
486,1,0.8236938714981079
487,1,0.9954969882965088
488,0,0.015024906024336815
489,1,0.3916608691215515
490,0,0.06842780113220215
491,1,0.984938383102417
492,0,0.004495425149798393
493,1,0.5301211476325989
494,0,0.006796711124479771
495,1,0.9940515160560608
496,1,0.9665016531944275
497,1,0.9942731261253357
498,1,0.9875966906547546
499,1,0.9680364727973938
500,1,0.4931277930736542
501,1,0.31250905990600586
502,0,0.025423822924494743
503,1,0.953963041305542
504,0,0.031976368278265
505,1,0.0833766758441925
506,0,0.030765237286686897
507,0,0.03180377930402756
508,1,0.9318568706512451
509,0,0.0018244036473333836
510,0,0.220359206199646
511,1,0.9876217246055603
512,1,0.9808506965637207
513,1,0.9784929156303406
514,0,0.008355826139450073
515,0,0.018914174288511276
516,0,0.021452700719237328
517,1,0.8778886795043945
518,1,0.9919752478599548
519,1,0.9921371340751648
520,0,0.00478002242743969
521,0,0.00285815610550344
522,0,0.0174845140427351
523,0,0.009039433673024178
524,0,0.007589729968458414
525,1,0.9388521313667297
526,0,0.011305085383355618
527,0,0.009234652854502201
528,1,0.9913671612739563
529,1,0.9795743823051453
530,0,0.011569256894290447
531,1,0.9961896538734436
532,0,0.9245114326477051
533,1,0.9948732256889343
534,0,0.021176885813474655
535,0,0.005234765820205212
536,1,0.9602913856506348
537,1,0.9913663268089294
538,1,0.9919486045837402
539,1,0.6364445686340332
540,0,0.6533636450767517
541,0,0.008850157260894775
542,1,0.8680568337440491
543,1,0.989219605922699
544,1,0.9798923134803772
545,0,0.0059136501513421535
546,1,0.9894653558731079
547,1,0.9734705686569214
548,1,0.3866911828517914
549,1,0.9523181915283203
550,0,0.0030775812920182943
551,1,0.9885197281837463
552,1,0.9861804842948914
553,1,0.9874075651168823
554,1,0.944262683391571
555,0,0.2231578677892685
556,0,0.005308897700160742
557,1,0.9862593412399292
558,0,0.03728979080915451
559,0,0.031218966469168663
560,0,0.08455533534288406
561,1,0.9787958264350891
562,1,0.9150100350379944
563,0,0.0609421543776989
564,1,0.8016374707221985
565,1,0.9423158764839172
566,1,0.9783976078033447
567,1,0.9660949110984802
568,1,0.9888878464698792
569,0,0.030502555891871452
570,1,0.9952549934387207
571,0,0.008389751426875591
572,0,0.015465839765965939
573,0,0.0041442555375397205
574,0,0.02287156879901886
575,0,0.012434250675141811
576,1,0.9936044812202454
577,0,0.07567272335290909
578,1,0.9769725799560547
579,0,0.013230913318693638
580,1,0.9941496849060059
581,0,0.8929407596588135
582,1,0.9932398796081543
583,0,0.0065171741880476475
584,1,0.9746404886245728
585,0,0.005624296143651009
586,1,0.2405293583869934
587,0,0.7060073018074036
588,1,0.9891510009765625
589,0,0.006606818176805973
590,1,0.7851034998893738
591,1,0.5274871587753296
592,0,0.006393820513039827
593,0,0.08710596710443497
594,0,0.090425044298172
595,0,0.006080299150198698
596,0,0.00865546241402626
597,0,0.008717810735106468
598,0,0.3496267795562744
599,0,0.05603630840778351
600,1,0.7963843941688538
601,0,0.043325282633304596
602,0,0.017882222309708595
603,0,0.330029159784317
604,0,0.09308614581823349
605,0,0.006903416011482477
606,0,0.003789988113567233
607,1,0.9641702175140381
608,1,0.9790894985198975
609,1,0.9800980091094971
610,0,0.018553409725427628
611,0,0.011443432420492172
612,0,0.17041239142417908
613,1,0.8877927660942078
614,1,0.9894473552703857
615,0,0.005439244210720062
616,0,0.00655707623809576
617,0,0.038460854440927505
618,1,0.7356615662574768
619,0,0.3075319826602936
620,1,0.9789673686027527
621,0,0.009135628119111061
622,0,0.0315864160656929
623,1,0.9929596781730652
624,0,0.028261477127671242
625,0,0.007657427340745926
626,0,0.051713403314352036
627,0,0.007371852640062571
628,1,0.9840520620346069
629,0,0.8215036392211914
630,0,0.018069695681333542
631,0,0.7637344002723694
632,0,0.19129247963428497
633,1,0.9917480945587158
634,0,0.005349407438188791
635,1,0.9929776787757874
636,1,0.8731482028961182
637,0,0.4661698639392853
638,1,0.9957751631736755
639,1,0.9779613018035889
640,0,0.009797930717468262
641,1,0.9483006596565247
642,1,0.9496055245399475
643,0,0.17773407697677612
644,1,0.9603796601295471
645,0,0.028983179479837418
646,0,0.057985901832580566
647,1,0.991596519947052
648,0,0.0034405668266117573
649,0,0.73638916015625
650,0,0.08272133022546768
651,1,0.9887011051177979
652,1,0.9952369928359985
653,1,0.7632941007614136
654,0,0.007288854103535414
655,1,0.9906970262527466
656,0,0.0037679546512663364
657,0,0.007628228049725294
658,0,0.01023815106600523
659,0,0.10028288513422012
660,0,0.003742619650438428
661,1,0.9646604061126709
662,1,0.5673524737358093
663,0,0.005454070866107941
664,1,0.13272890448570251
665,1,0.9963556528091431
666,0,0.026591628789901733
667,0,0.0305255688726902
668,0,0.005356598179787397
669,1,0.9876857995986938
670,1,0.9718511700630188
671,0,0.006124946288764477
672,1,0.39436811208724976
673,0,0.1595844328403473
674,0,0.008005267009139061
675,1,0.4580543041229248
676,1,0.8557197451591492
677,1,0.4986339807510376
678,1,0.9429023265838623
679,1,0.24072480201721191
680,0,0.00726597523316741
681,1,0.9705698490142822
682,1,0.8081543445587158
683,0,0.01199143286794424
684,1,0.9733447432518005
685,0,0.439920037984848
686,0,0.005510407965630293
687,1,0.987636387348175
688,0,0.7245730757713318
689,1,0.7748746871948242
690,0,0.007260172162204981
691,0,0.020012911409139633
692,1,0.9598104357719421
693,1,0.9620273113250732
694,0,0.013515361584722996
695,0,0.007077792193740606
696,1,0.9841841459274292
697,0,0.008036361075937748
698,1,0.8040958642959595
699,1,0.8493122458457947
700,0,0.1553678959608078
701,0,0.0033019795082509518
702,0,0.009387652389705181
703,0,0.0041801114566624165
704,0,0.018468055874109268
705,0,0.008376282639801502
706,1,0.989371657371521
707,1,0.937766969203949
708,1,0.9562095999717712
709,1,0.9904977679252625
710,0,0.2046128660440445
711,0,0.029625311493873596
712,0,0.0035274436231702566
713,1,0.8563668131828308
714,1,0.8968517780303955
715,1,0.9924370646476746
716,1,0.9844357967376709
717,1,0.9365407824516296
718,1,0.4211529493331909
719,1,0.9646141529083252
720,1,0.9956585168838501
721,1,0.9922129511833191
722,0,0.13376158475875854
723,1,0.942202627658844
724,0,0.015704181045293808
725,0,0.024632619693875313
726,0,0.06129312887787819
727,1,0.9760295748710632
728,0,0.0051007517613470554
729,1,0.966245174407959
730,0,0.044271133840084076
731,0,0.007522319909185171
732,0,0.05124371126294136
733,1,0.6830745935440063
734,0,0.07097040861845016
735,0,0.017172297462821007
736,0,0.009945184923708439
737,0,0.012654156424105167
738,0,0.006519305054098368
739,0,0.22502334415912628
740,1,0.9137810468673706
741,0,0.01311772782355547
742,1,0.9783200025558472
743,0,0.006531327031552792
744,0,0.007131331134587526
745,0,0.013562099076807499
746,1,0.9888747930526733
747,0,0.0299692302942276
748,1,0.9370530843734741
749,0,0.017716972157359123
750,1,0.9868088960647583
751,1,0.9840676784515381
752,0,0.5341601371765137
753,1,0.9681379199028015
754,0,0.007976504974067211
755,0,0.013361924327909946
756,1,0.8214496970176697
757,1,0.9509269595146179
758,0,0.005124305374920368
759,0,0.5900084376335144
760,1,0.2715385854244232
761,1,0.5930628180503845
762,0,0.4662429690361023
763,1,0.9274490475654602
764,1,0.9891170859336853
765,1,0.6018797755241394
766,0,0.03796860948204994
767,1,0.9874833822250366
768,0,0.013579831458628178
769,1,0.9941452741622925
770,1,0.9935651421546936
771,0,0.018414326012134552
772,1,0.8643714189529419
773,0,0.014616581611335278
774,0,0.3079192638397217
775,1,0.9901257753372192
776,0,0.26453515887260437
777,0,0.01789499819278717
778,1,0.9399096369743347
779,1,0.9455798864364624
780,1,0.9927769899368286
781,1,0.950712263584137
782,1,0.8892713785171509
783,1,0.9337411522865295
784,0,0.009337839670479298
785,0,0.014069030061364174
786,1,0.9840930700302124
787,0,0.006769077852368355
788,0,0.04583725705742836
789,0,0.011616005562245846
790,1,0.807361364364624
791,0,0.15038566291332245
792,0,0.015584180131554604
793,0,0.15600894391536713
794,1,0.38180258870124817
795,0,0.3166414499282837
796,1,0.8606745004653931
797,0,0.005805908236652613
798,0,0.029592998325824738
799,1,0.9920167922973633
800,1,0.9445755481719971
801,1,0.9899497032165527
802,0,0.03137335553765297
803,1,0.9923185110092163
804,1,0.45534542202949524
805,0,0.8347692489624023
806,1,0.9624879360198975
807,0,0.02901809848845005
808,1,0.9476698637008667
809,1,0.8601434826850891
810,1,0.893997073173523
811,1,0.5922070741653442
812,0,0.012598282657563686
813,1,0.9875850677490234
814,1,0.994750440120697
815,0,0.034299708902835846
816,1,0.9910709857940674
817,1,0.25982436537742615
818,0,0.013617889024317265
819,1,0.9884722828865051
820,0,0.06966011226177216
821,0,0.004919624421745539
822,1,0.9733477830886841
823,0,0.06439152359962463
824,0,0.004761883988976479
825,0,0.02324887551367283
826,1,0.9333763718605042
