feature,REAL -> REAL,REAL -> SPOOF,difference_spoof_minus_real
ear_mean,0.3033531481365255,1.0978194573683386,0.7944663092318132
ear_std,-0.1570572206233892,-0.5885183347590259,-0.4314611141356367
ear_min,0.26822687482782376,0.8880079946076368,0.6197811197798131
ear_max,0.31917444838023584,0.9680424112810773,0.6488679629008414
blink_count,0.3506094146245264,1.9859454606264304,1.635336046001904
motion_mean,-0.4200088230897785,-0.8299967020792272,-0.40998787898944866
motion_std,-0.7169744807605671,-0.8357242104117628,-0.11874972965119568
motion_max,-0.5747043013728801,-0.7289864866209468,-0.1542821852480667
skipped_rate,0.0,0.0,0.0
