video_id,original_video_id,true_class,predicted_as,label,pred_label,score_spoof,source_dataset,domain,device_id,subject_id,condition,attack_type,num_frames,example_frames_copied,decision_group,ear_mean,ear_std,ear_min,ear_max,blink_count,motion_mean,motion_std,motion_max,skipped_rate
LOCAL_REAL__p15_pc_normal_t02.mp4,unknown,REAL,REAL,0,0,0.3940511047840118,unknown,unknown,unknown,unknown,unknown,unknown,16,E:\PFE_AntiSpoofing_v2\reports\mixed_casia_axon_local_msu_motion_aware_test_eval\inspection_cases\real_as_real\frames_examples\LOCAL_REAL__p15_pc_normal_t02.mp4_score_0.3941_frame_000.jpg | E:\PFE_AntiSpoofing_v2\reports\mixed_casia_axon_local_msu_motion_aware_test_eval\inspection_cases\real_as_real\frames_examples\LOCAL_REAL__p15_pc_normal_t02.mp4_score_0.3941_frame_008.jpg | E:\PFE_AntiSpoofing_v2\reports\mixed_casia_axon_local_msu_motion_aware_test_eval\inspection_cases\real_as_real\frames_examples\LOCAL_REAL__p15_pc_normal_t02.mp4_score_0.3941_frame_015.jpg,REAL -> REAL,0.5125578645460728,-1.12737698016453,0.9373295254426326,-0.1154457201775137,-0.6011734692919256,-1.410185599931826,-1.6143755548101617,-1.681477383983087,0.0
LOCAL_REAL__p13_samsung_normal_t01.mp4,unknown,REAL,REAL,0,0,0.3538579642772674,unknown,unknown,unknown,unknown,unknown,unknown,16,E:\PFE_AntiSpoofing_v2\reports\mixed_casia_axon_local_msu_motion_aware_test_eval\inspection_cases\real_as_real\frames_examples\LOCAL_REAL__p13_samsung_normal_t01.mp4_score_0.3539_frame_000.jpg | E:\PFE_AntiSpoofing_v2\reports\mixed_casia_axon_local_msu_motion_aware_test_eval\inspection_cases\real_as_real\frames_examples\LOCAL_REAL__p13_samsung_normal_t01.mp4_score_0.3539_frame_008.jpg | E:\PFE_AntiSpoofing_v2\reports\mixed_casia_axon_local_msu_motion_aware_test_eval\inspection_cases\real_as_real\frames_examples\LOCAL_REAL__p13_samsung_normal_t01.mp4_score_0.3539_frame_015.jpg,REAL -> REAL,1.848117427151519,-0.5672451331618833,1.2874221363574747,1.8799358994008923,3.3790094998132374,1.2481985761606111,1.8096225485669648,1.7260129359569512,0.0
LOCAL_REAL__p15_pc_normal_t06.mp4,unknown,REAL,REAL,0,0,0.3420127928256988,unknown,unknown,unknown,unknown,unknown,unknown,16,E:\PFE_AntiSpoofing_v2\reports\mixed_casia_axon_local_msu_motion_aware_test_eval\inspection_cases\real_as_real\frames_examples\LOCAL_REAL__p15_pc_normal_t06.mp4_score_0.3420_frame_000.jpg | E:\PFE_AntiSpoofing_v2\reports\mixed_casia_axon_local_msu_motion_aware_test_eval\inspection_cases\real_as_real\frames_examples\LOCAL_REAL__p15_pc_normal_t06.mp4_score_0.3420_frame_008.jpg | E:\PFE_AntiSpoofing_v2\reports\mixed_casia_axon_local_msu_motion_aware_test_eval\inspection_cases\real_as_real\frames_examples\LOCAL_REAL__p15_pc_normal_t06.mp4_score_0.3420_frame_015.jpg,REAL -> REAL,0.6305281313142067,-0.9826009161988328,0.9814694165113034,0.174903810147629,1.388918015260656,-1.002983456086974,-1.3678593130139187,-1.321875774899752,0.0
LOCAL_REAL__p15_pc_normal_t08.mp4,unknown,REAL,REAL,0,0,0.2255454510450363,unknown,unknown,unknown,unknown,unknown,unknown,16,E:\PFE_AntiSpoofing_v2\reports\mixed_casia_axon_local_msu_motion_aware_test_eval\inspection_cases\real_as_real\frames_examples\LOCAL_REAL__p15_pc_normal_t08.mp4_score_0.2255_frame_000.jpg | E:\PFE_AntiSpoofing_v2\reports\mixed_casia_axon_local_msu_motion_aware_test_eval\inspection_cases\real_as_real\frames_examples\LOCAL_REAL__p15_pc_normal_t08.mp4_score_0.2255_frame_008.jpg | E:\PFE_AntiSpoofing_v2\reports\mixed_casia_axon_local_msu_motion_aware_test_eval\inspection_cases\real_as_real\frames_examples\LOCAL_REAL__p15_pc_normal_t08.mp4_score_0.2255_frame_015.jpg,REAL -> REAL,0.825909962393394,1.071589796162622,0.1561441406791166,2.1733021650073026,1.388918015260656,-1.0650594268698286,-1.1152695929751788,-0.92842201475423,0.0
LOCAL_REAL__p15_pc_normal_t01.mp4,unknown,REAL,REAL,0,0,0.2077148407697677,unknown,unknown,unknown,unknown,unknown,unknown,16,E:\PFE_AntiSpoofing_v2\reports\mixed_casia_axon_local_msu_motion_aware_test_eval\inspection_cases\real_as_real\frames_examples\LOCAL_REAL__p15_pc_normal_t01.mp4_score_0.2077_frame_000.jpg | E:\PFE_AntiSpoofing_v2\reports\mixed_casia_axon_local_msu_motion_aware_test_eval\inspection_cases\real_as_real\frames_examples\LOCAL_REAL__p15_pc_normal_t01.mp4_score_0.2077_frame_008.jpg | E:\PFE_AntiSpoofing_v2\reports\mixed_casia_axon_local_msu_motion_aware_test_eval\inspection_cases\real_as_real\frames_examples\LOCAL_REAL__p15_pc_normal_t01.mp4_score_0.2077_frame_015.jpg,REAL -> REAL,1.1615817396968988,-1.0631926358141286,1.2945316734506462,0.680286545341832,-0.6011734692919256,-1.301278812385217,-0.8754424345351182,-0.8756595572077642,0.0
LOCAL_REAL__p15_pc_normal_t05.mp4,unknown,REAL,REAL,0,0,0.1948139369487762,unknown,unknown,unknown,unknown,unknown,unknown,16,E:\PFE_AntiSpoofing_v2\reports\mixed_casia_axon_local_msu_motion_aware_test_eval\inspection_cases\real_as_real\frames_examples\LOCAL_REAL__p15_pc_normal_t05.mp4_score_0.1948_frame_000.jpg | E:\PFE_AntiSpoofing_v2\reports\mixed_casia_axon_local_msu_motion_aware_test_eval\inspection_cases\real_as_real\frames_examples\LOCAL_REAL__p15_pc_normal_t05.mp4_score_0.1948_frame_008.jpg | E:\PFE_AntiSpoofing_v2\reports\mixed_casia_axon_local_msu_motion_aware_test_eval\inspection_cases\real_as_real\frames_examples\LOCAL_REAL__p15_pc_normal_t05.mp4_score_0.1948_frame_015.jpg,REAL -> REAL,0.5559712128967602,-1.0671881099621725,0.9809586457750162,0.1393231767320494,-0.6011734692919256,-1.6917315727272957,-1.7768585798280396,-1.982850297244836,0.0
MSU_MFSD__real_client051_laptop_SD_scene01,unknown,REAL,REAL,0,0,0.1571184396743774,unknown,unknown,unknown,unknown,unknown,unknown,16,E:\PFE_AntiSpoofing_v2\reports\mixed_casia_axon_local_msu_motion_aware_test_eval\inspection_cases\real_as_real\frames_examples\MSU_MFSD__real_client051_laptop_SD_scene01_score_0.1571_frame_000.png | E:\PFE_AntiSpoofing_v2\reports\mixed_casia_axon_local_msu_motion_aware_test_eval\inspection_cases\real_as_real\frames_examples\MSU_MFSD__real_client051_laptop_SD_scene01_score_0.1571_frame_008.png | E:\PFE_AntiSpoofing_v2\reports\mixed_casia_axon_local_msu_motion_aware_test_eval\inspection_cases\real_as_real\frames_examples\MSU_MFSD__real_client051_laptop_SD_scene01_score_0.1571_frame_015.png,REAL -> REAL,0.3910836741016673,-1.07537087921069,0.8891768852219462,-0.0837154030246369,-0.6011734692919256,-1.3564036732350886,-1.2773597602631803,-1.120797948061149,0.0
LOCAL_REAL__p15_pc_normal_t04.mp4,unknown,REAL,REAL,0,0,0.1413936018943786,unknown,unknown,unknown,unknown,unknown,unknown,16,E:\PFE_AntiSpoofing_v2\reports\mixed_casia_axon_local_msu_motion_aware_test_eval\inspection_cases\real_as_real\frames_examples\LOCAL_REAL__p15_pc_normal_t04.mp4_score_0.1414_frame_000.jpg | E:\PFE_AntiSpoofing_v2\reports\mixed_casia_axon_local_msu_motion_aware_test_eval\inspection_cases\real_as_real\frames_examples\LOCAL_REAL__p15_pc_normal_t04.mp4_score_0.1414_frame_008.jpg | E:\PFE_AntiSpoofing_v2\reports\mixed_casia_axon_local_msu_motion_aware_test_eval\inspection_cases\real_as_real\frames_examples\LOCAL_REAL__p15_pc_normal_t04.mp4_score_0.1414_frame_015.jpg,REAL -> REAL,1.0634597859272856,-1.0868034481791229,1.2702649942260604,0.5509744408674854,-0.6011734692919256,-1.0670129544301352,-1.410190905595282,-1.368380353408561,0.0
AXON__axon_3e45daf91bd9ac,unknown,REAL,REAL,0,0,0.0731925517320633,unknown,unknown,unknown,unknown,unknown,unknown,16,E:\PFE_AntiSpoofing_v2\reports\mixed_casia_axon_local_msu_motion_aware_test_eval\inspection_cases\real_as_real\frames_examples\AXON__axon_3e45daf91bd9ac_score_0.0732_frame_000.jpg | E:\PFE_AntiSpoofing_v2\reports\mixed_casia_axon_local_msu_motion_aware_test_eval\inspection_cases\real_as_real\frames_examples\AXON__axon_3e45daf91bd9ac_score_0.0732_frame_008.jpg | E:\PFE_AntiSpoofing_v2\reports\mixed_casia_axon_local_msu_motion_aware_test_eval\inspection_cases\real_as_real\frames_examples\AXON__axon_3e45daf91bd9ac_score_0.0732_frame_015.jpg,REAL -> REAL,0.4554534603816225,-0.981143757069568,0.8555890770645258,-0.0057627349783036,-0.6011734692919256,-1.272389521638804,-1.933924514282924,-1.8155803380670463,0.0
MSU_MFSD__real_client053_android_SD_scene01,unknown,REAL,REAL,0,0,0.0581648908555507,unknown,unknown,unknown,unknown,unknown,unknown,16,E:\PFE_AntiSpoofing_v2\reports\mixed_casia_axon_local_msu_motion_aware_test_eval\inspection_cases\real_as_real\frames_examples\MSU_MFSD__real_client053_android_SD_scene01_score_0.0582_frame_000.png | E:\PFE_AntiSpoofing_v2\reports\mixed_casia_axon_local_msu_motion_aware_test_eval\inspection_cases\real_as_real\frames_examples\MSU_MFSD__real_client053_android_SD_scene01_score_0.0582_frame_008.png | E:\PFE_AntiSpoofing_v2\reports\mixed_casia_axon_local_msu_motion_aware_test_eval\inspection_cases\real_as_real\frames_examples\MSU_MFSD__real_client053_android_SD_scene01_score_0.0582_frame_015.png,REAL -> REAL,0.4468272549059923,-0.9676571242475728,0.721037346818649,-0.1311210392496167,-0.6011734692919256,-0.691073670473062,-0.7701191378034045,-0.6971463801493575,0.0
AXON__axon_b0e4fd72acaa91,unknown,REAL,REAL,0,0,0.0555177666246891,unknown,unknown,unknown,unknown,unknown,unknown,16,E:\PFE_AntiSpoofing_v2\reports\mixed_casia_axon_local_msu_motion_aware_test_eval\inspection_cases\real_as_real\frames_examples\AXON__axon_b0e4fd72acaa91_score_0.0555_frame_000.jpg | E:\PFE_AntiSpoofing_v2\reports\mixed_casia_axon_local_msu_motion_aware_test_eval\inspection_cases\real_as_real\frames_examples\AXON__axon_b0e4fd72acaa91_score_0.0555_frame_008.jpg | E:\PFE_AntiSpoofing_v2\reports\mixed_casia_axon_local_msu_motion_aware_test_eval\inspection_cases\real_as_real\frames_examples\AXON__axon_b0e4fd72acaa91_score_0.0555_frame_015.jpg,REAL -> REAL,-0.5615410413225831,-0.3738629447886112,0.1116390887384062,-0.0364132507399893,-0.6011734692919256,-1.1116712575706111,-1.625633431205065,-1.5362366652216373,0.0
CASIA__10_1,unknown,REAL,REAL,0,0,0.0429947562515735,unknown,unknown,unknown,unknown,unknown,unknown,5,E:\PFE_AntiSpoofing_v2\reports\mixed_casia_axon_local_msu_motion_aware_test_eval\inspection_cases\real_as_real\frames_examples\CASIA__10_1_score_0.0430_frame_025.jpg | E:\PFE_AntiSpoofing_v2\reports\mixed_casia_axon_local_msu_motion_aware_test_eval\inspection_cases\real_as_real\frames_examples\CASIA__10_1_score_0.0430_frame_075.jpg | E:\PFE_AntiSpoofing_v2\reports\mixed_casia_axon_local_msu_motion_aware_test_eval\inspection_cases\real_as_real\frames_examples\CASIA__10_1_score_0.0430_frame_125.jpg,REAL -> REAL,-0.401845608892858,0.944200850020974,-0.9113979002734768,-0.2981105758753761,-0.6011734692919256,4.378364777290708,2.69644457126523,3.2507249755536534,0.0
AXON__axon_5986e66896e9ec,unknown,REAL,REAL,0,0,0.0411254093050956,unknown,unknown,unknown,unknown,unknown,unknown,16,E:\PFE_AntiSpoofing_v2\reports\mixed_casia_axon_local_msu_motion_aware_test_eval\inspection_cases\real_as_real\frames_examples\AXON__axon_5986e66896e9ec_score_0.0411_frame_000.jpg | E:\PFE_AntiSpoofing_v2\reports\mixed_casia_axon_local_msu_motion_aware_test_eval\inspection_cases\real_as_real\frames_examples\AXON__axon_5986e66896e9ec_score_0.0411_frame_008.jpg | E:\PFE_AntiSpoofing_v2\reports\mixed_casia_axon_local_msu_motion_aware_test_eval\inspection_cases\real_as_real\frames_examples\AXON__axon_5986e66896e9ec_score_0.0411_frame_015.jpg,REAL -> REAL,0.630697402989389,0.9556352616498522,0.3270492176925395,3.040503294449414,-0.6011734692919256,-1.1669988715049495,-1.640569492992487,-1.5539251538390937,0.0
CASIA__13_1,unknown,REAL,REAL,0,0,0.039121076464653,unknown,unknown,unknown,unknown,unknown,unknown,8,E:\PFE_AntiSpoofing_v2\reports\mixed_casia_axon_local_msu_motion_aware_test_eval\inspection_cases\real_as_real\frames_examples\CASIA__13_1_score_0.0391_frame_025.jpg | E:\PFE_AntiSpoofing_v2\reports\mixed_casia_axon_local_msu_motion_aware_test_eval\inspection_cases\real_as_real\frames_examples\CASIA__13_1_score_0.0391_frame_125.jpg | E:\PFE_AntiSpoofing_v2\reports\mixed_casia_axon_local_msu_motion_aware_test_eval\inspection_cases\real_as_real\frames_examples\CASIA__13_1_score_0.0391_frame_200.jpg,REAL -> REAL,0.1047195266953781,-0.504802463089343,0.3321862917507145,0.1350731983549605,-0.6011734692919256,1.5327743601255466,0.4504794967034577,1.1953858006877187,0.0
MSU_MFSD__real_client054_laptop_SD_scene01,unknown,REAL,REAL,0,0,0.0262897629290819,unknown,unknown,unknown,unknown,unknown,unknown,16,E:\PFE_AntiSpoofing_v2\reports\mixed_casia_axon_local_msu_motion_aware_test_eval\inspection_cases\real_as_real\frames_examples\MSU_MFSD__real_client054_laptop_SD_scene01_score_0.0263_frame_000.png | E:\PFE_AntiSpoofing_v2\reports\mixed_casia_axon_local_msu_motion_aware_test_eval\inspection_cases\real_as_real\frames_examples\MSU_MFSD__real_client054_laptop_SD_scene01_score_0.0263_frame_008.png | E:\PFE_AntiSpoofing_v2\reports\mixed_casia_axon_local_msu_motion_aware_test_eval\inspection_cases\real_as_real\frames_examples\MSU_MFSD__real_client054_laptop_SD_scene01_score_0.0263_frame_015.png,REAL -> REAL,0.6149013329863935,-0.9665664367781094,0.9586273716127728,0.2400194738163457,-0.6011734692919256,-1.2463421161587374,-1.3321139059116571,-1.2296428872858187,0.0
AXON__axon_c1d49b7a3affb6,unknown,REAL,REAL,0,0,0.0195378102362155,unknown,unknown,unknown,unknown,unknown,unknown,16,E:\PFE_AntiSpoofing_v2\reports\mixed_casia_axon_local_msu_motion_aware_test_eval\inspection_cases\real_as_real\frames_examples\AXON__axon_c1d49b7a3affb6_score_0.0195_frame_000.jpg | E:\PFE_AntiSpoofing_v2\reports\mixed_casia_axon_local_msu_motion_aware_test_eval\inspection_cases\real_as_real\frames_examples\AXON__axon_c1d49b7a3affb6_score_0.0195_frame_008.jpg | E:\PFE_AntiSpoofing_v2\reports\mixed_casia_axon_local_msu_motion_aware_test_eval\inspection_cases\real_as_real\frames_examples\AXON__axon_c1d49b7a3affb6_score_0.0195_frame_015.jpg,REAL -> REAL,0.224345028630115,-1.0911686605213906,0.7375681742518737,-0.4756183629329636,-0.6011734692919256,-1.1839524138893478,-1.8822910013496017,-1.718731813306719,0.0
MSU_MFSD__real_client053_laptop_SD_scene01,unknown,REAL,REAL,0,0,0.0179660413414239,unknown,unknown,unknown,unknown,unknown,unknown,16,E:\PFE_AntiSpoofing_v2\reports\mixed_casia_axon_local_msu_motion_aware_test_eval\inspection_cases\real_as_real\frames_examples\MSU_MFSD__real_client053_laptop_SD_scene01_score_0.0180_frame_000.png | E:\PFE_AntiSpoofing_v2\reports\mixed_casia_axon_local_msu_motion_aware_test_eval\inspection_cases\real_as_real\frames_examples\MSU_MFSD__real_client053_laptop_SD_scene01_score_0.0180_frame_008.png | E:\PFE_AntiSpoofing_v2\reports\mixed_casia_axon_local_msu_motion_aware_test_eval\inspection_cases\real_as_real\frames_examples\MSU_MFSD__real_client053_laptop_SD_scene01_score_0.0180_frame_015.png,REAL -> REAL,0.1893565733699303,-1.0320837365679814,0.7426695887514582,-0.3248857964922112,1.388918015260656,-1.4102756239988956,-1.6062210359558946,-1.6816819145895714,0.0
MSU_MFSD__real_client055_laptop_SD_scene01,unknown,REAL,REAL,0,0,0.0133419157937169,unknown,unknown,unknown,unknown,unknown,unknown,16,E:\PFE_AntiSpoofing_v2\reports\mixed_casia_axon_local_msu_motion_aware_test_eval\inspection_cases\real_as_real\frames_examples\MSU_MFSD__real_client055_laptop_SD_scene01_score_0.0133_frame_000.png | E:\PFE_AntiSpoofing_v2\reports\mixed_casia_axon_local_msu_motion_aware_test_eval\inspection_cases\real_as_real\frames_examples\MSU_MFSD__real_client055_laptop_SD_scene01_score_0.0133_frame_008.png | E:\PFE_AntiSpoofing_v2\reports\mixed_casia_axon_local_msu_motion_aware_test_eval\inspection_cases\real_as_real\frames_examples\MSU_MFSD__real_client055_laptop_SD_scene01_score_0.0133_frame_015.png,REAL -> REAL,0.844401683823669,-1.1034941827419718,1.1524129499114408,0.3601914484711507,-0.6011734692919256,-1.5091683083252294,-1.544991579942878,-1.6055050583450432,0.0
CASIA__10_2,unknown,REAL,REAL,0,0,0.0069807358086109,unknown,unknown,unknown,unknown,unknown,unknown,7,E:\PFE_AntiSpoofing_v2\reports\mixed_casia_axon_local_msu_motion_aware_test_eval\inspection_cases\real_as_real\frames_examples\CASIA__10_2_score_0.0070_frame_025.jpg | E:\PFE_AntiSpoofing_v2\reports\mixed_casia_axon_local_msu_motion_aware_test_eval\inspection_cases\real_as_real\frames_examples\CASIA__10_2_score_0.0070_frame_100.jpg | E:\PFE_AntiSpoofing_v2\reports\mixed_casia_axon_local_msu_motion_aware_test_eval\inspection_cases\real_as_real\frames_examples\CASIA__10_2_score_0.0070_frame_175.jpg,REAL -> REAL,-1.0049285468575069,2.2084552744855896,-1.981604466270408,-0.1778301215038104,3.3790094998132374,0.1193430337908943,2.210350077811176,1.869519184674029,0.0
MSU_MFSD__real_client051_android_SD_scene01,unknown,REAL,REAL,0,0,0.0047391369007527,unknown,unknown,unknown,unknown,unknown,unknown,16,E:\PFE_AntiSpoofing_v2\reports\mixed_casia_axon_local_msu_motion_aware_test_eval\inspection_cases\real_as_real\frames_examples\MSU_MFSD__real_client051_android_SD_scene01_score_0.0047_frame_000.png | E:\PFE_AntiSpoofing_v2\reports\mixed_casia_axon_local_msu_motion_aware_test_eval\inspection_cases\real_as_real\frames_examples\MSU_MFSD__real_client051_android_SD_scene01_score_0.0047_frame_008.png | E:\PFE_AntiSpoofing_v2\reports\mixed_casia_axon_local_msu_motion_aware_test_eval\inspection_cases\real_as_real\frames_examples\MSU_MFSD__real_client051_android_SD_scene01_score_0.0047_frame_015.png,REAL -> REAL,0.1612598934564542,-1.0658568212928332,0.7055880178609237,-0.4826930960399464,1.388918015260656,-0.9494043355236528,-0.841238755872381,-0.4827926231480069,0.0
CASIA__13_2,unknown,REAL,REAL,0,0,0.0014075428480282,unknown,unknown,unknown,unknown,unknown,unknown,8,E:\PFE_AntiSpoofing_v2\reports\mixed_casia_axon_local_msu_motion_aware_test_eval\inspection_cases\real_as_real\frames_examples\CASIA__13_2_score_0.0014_frame_025.jpg | E:\PFE_AntiSpoofing_v2\reports\mixed_casia_axon_local_msu_motion_aware_test_eval\inspection_cases\real_as_real\frames_examples\CASIA__13_2_score_0.0014_frame_125.jpg | E:\PFE_AntiSpoofing_v2\reports\mixed_casia_axon_local_msu_motion_aware_test_eval\inspection_cases\real_as_real\frames_examples\CASIA__13_2_score_0.0014_frame_200.jpg,REAL -> REAL,-0.7424697917788396,2.467115484814087,-1.9654140871107164,-0.0355097288885376,1.388918015260656,1.1864345332000137,1.307345465104873,0.9518522175744716,0.0
CASIA__29_1,unknown,REAL,REAL,0,0,0.0012476852862164,unknown,unknown,unknown,unknown,unknown,unknown,6,E:\PFE_AntiSpoofing_v2\reports\mixed_casia_axon_local_msu_motion_aware_test_eval\inspection_cases\real_as_real\frames_examples\CASIA__29_1_score_0.0012_frame_025.jpg | E:\PFE_AntiSpoofing_v2\reports\mixed_casia_axon_local_msu_motion_aware_test_eval\inspection_cases\real_as_real\frames_examples\CASIA__29_1_score_0.0012_frame_100.jpg | E:\PFE_AntiSpoofing_v2\reports\mixed_casia_axon_local_msu_motion_aware_test_eval\inspection_cases\real_as_real\frames_examples\CASIA__29_1_score_0.0012_frame_150.jpg,REAL -> REAL,-0.2328263298690726,1.920807536125168,-1.7018908231331586,0.1997863451799053,1.388918015260656,-0.9755296699103346,-1.0775818982747778,-1.20567966479369,0.0
CASIA__29_2,unknown,REAL,REAL,0,0,0.0009845405584201,unknown,unknown,unknown,unknown,unknown,unknown,7,E:\PFE_AntiSpoofing_v2\reports\mixed_casia_axon_local_msu_motion_aware_test_eval\inspection_cases\real_as_real\frames_examples\CASIA__29_2_score_0.0010_frame_025.jpg | E:\PFE_AntiSpoofing_v2\reports\mixed_casia_axon_local_msu_motion_aware_test_eval\inspection_cases\real_as_real\frames_examples\CASIA__29_2_score_0.0010_frame_100.jpg | E:\PFE_AntiSpoofing_v2\reports\mixed_casia_axon_local_msu_motion_aware_test_eval\inspection_cases\real_as_real\frames_examples\CASIA__29_2_score_0.0010_frame_175.jpg,REAL -> REAL,-0.7404382294058027,1.8762939521924968,-1.7121391442897946,-0.0661816551206368,1.388918015260656,2.2861430730273105,-1.272614322332794,0.594691782282296,0.0
MSU_MFSD__real_client050_android_SD_scene01,unknown,REAL,SPOOF,0,1,0.9423303604125975,unknown,unknown,unknown,unknown,unknown,unknown,16,E:\PFE_AntiSpoofing_v2\reports\mixed_casia_axon_local_msu_motion_aware_test_eval\inspection_cases\real_as_spoof\frames_examples\MSU_MFSD__real_client050_android_SD_scene01_score_0.9423_frame_000.png | E:\PFE_AntiSpoofing_v2\reports\mixed_casia_axon_local_msu_motion_aware_test_eval\inspection_cases\real_as_spoof\frames_examples\MSU_MFSD__real_client050_android_SD_scene01_score_0.9423_frame_008.png | E:\PFE_AntiSpoofing_v2\reports\mixed_casia_axon_local_msu_motion_aware_test_eval\inspection_cases\real_as_spoof\frames_examples\MSU_MFSD__real_client050_android_SD_scene01_score_0.9423_frame_015.png,REAL -> SPOOF,0.5969494672916107,-1.0633071990394958,0.9913610983815908,0.0010193883663592,3.3790094998132374,-0.591244884386262,-0.8537044623996971,-0.5889964030996216,0.0
MSU_MFSD__real_client050_laptop_SD_scene01,unknown,REAL,SPOOF,0,1,0.938390612602234,unknown,unknown,unknown,unknown,unknown,unknown,16,E:\PFE_AntiSpoofing_v2\reports\mixed_casia_axon_local_msu_motion_aware_test_eval\inspection_cases\real_as_spoof\frames_examples\MSU_MFSD__real_client050_laptop_SD_scene01_score_0.9384_frame_000.png | E:\PFE_AntiSpoofing_v2\reports\mixed_casia_axon_local_msu_motion_aware_test_eval\inspection_cases\real_as_spoof\frames_examples\MSU_MFSD__real_client050_laptop_SD_scene01_score_0.9384_frame_008.png | E:\PFE_AntiSpoofing_v2\reports\mixed_casia_axon_local_msu_motion_aware_test_eval\inspection_cases\real_as_spoof\frames_examples\MSU_MFSD__real_client050_laptop_SD_scene01_score_0.9384_frame_015.png,REAL -> SPOOF,1.4688418708627478,1.0463363692701992,-0.9044869379771644,1.7006175002286672,1.388918015260656,-1.1691947797148974,-1.1019998827468631,-0.9318412109794212,0.0
MSU_MFSD__real_client049_laptop_SD_scene01,unknown,REAL,SPOOF,0,1,0.848857045173645,unknown,unknown,unknown,unknown,unknown,unknown,16,E:\PFE_AntiSpoofing_v2\reports\mixed_casia_axon_local_msu_motion_aware_test_eval\inspection_cases\real_as_spoof\frames_examples\MSU_MFSD__real_client049_laptop_SD_scene01_score_0.8489_frame_000.png | E:\PFE_AntiSpoofing_v2\reports\mixed_casia_axon_local_msu_motion_aware_test_eval\inspection_cases\real_as_spoof\frames_examples\MSU_MFSD__real_client049_laptop_SD_scene01_score_0.8489_frame_008.png | E:\PFE_AntiSpoofing_v2\reports\mixed_casia_axon_local_msu_motion_aware_test_eval\inspection_cases\real_as_spoof\frames_examples\MSU_MFSD__real_client049_laptop_SD_scene01_score_0.8489_frame_015.png,REAL -> SPOOF,0.5988042012182523,-0.575363627063755,0.8191117958506996,0.6749945907379518,3.3790094998132374,-1.520391582772819,-1.490520541360744,-1.6074145156860735,0.0
MSU_MFSD__real_client054_android_SD_scene01,unknown,REAL,SPOOF,0,1,0.7236669063568115,unknown,unknown,unknown,unknown,unknown,unknown,16,E:\PFE_AntiSpoofing_v2\reports\mixed_casia_axon_local_msu_motion_aware_test_eval\inspection_cases\real_as_spoof\frames_examples\MSU_MFSD__real_client054_android_SD_scene01_score_0.7237_frame_000.png | E:\PFE_AntiSpoofing_v2\reports\mixed_casia_axon_local_msu_motion_aware_test_eval\inspection_cases\real_as_spoof\frames_examples\MSU_MFSD__real_client054_android_SD_scene01_score_0.7237_frame_008.png | E:\PFE_AntiSpoofing_v2\reports\mixed_casia_axon_local_msu_motion_aware_test_eval\inspection_cases\real_as_spoof\frames_examples\MSU_MFSD__real_client054_android_SD_scene01_score_0.7237_frame_015.png,REAL -> SPOOF,0.6494944179766882,-0.605392291750606,0.5588330272996352,0.2618510168146917,-0.6011734692919256,-0.973005494801726,-1.0871074836050156,-1.1049110963292064,0.0
MSU_MFSD__real_client055_android_SD_scene01,unknown,REAL,SPOOF,0,1,0.7164058685302734,unknown,unknown,unknown,unknown,unknown,unknown,16,E:\PFE_AntiSpoofing_v2\reports\mixed_casia_axon_local_msu_motion_aware_test_eval\inspection_cases\real_as_spoof\frames_examples\MSU_MFSD__real_client055_android_SD_scene01_score_0.7164_frame_000.png | E:\PFE_AntiSpoofing_v2\reports\mixed_casia_axon_local_msu_motion_aware_test_eval\inspection_cases\real_as_spoof\frames_examples\MSU_MFSD__real_client055_android_SD_scene01_score_0.7164_frame_008.png | E:\PFE_AntiSpoofing_v2\reports\mixed_casia_axon_local_msu_motion_aware_test_eval\inspection_cases\real_as_spoof\frames_examples\MSU_MFSD__real_client055_android_SD_scene01_score_0.7164_frame_015.png,REAL -> SPOOF,1.0063257592196784,-0.9503481771050843,1.1925600192284838,0.6195857206723885,5.369100984365819,-1.0933010960424132,-1.287208423711394,-1.238834644245379,0.0
LOCAL_REAL__p14_samsung_normal_t02.mp4,unknown,REAL,SPOOF,0,1,0.6631348133087158,unknown,unknown,unknown,unknown,unknown,unknown,16,E:\PFE_AntiSpoofing_v2\reports\mixed_casia_axon_local_msu_motion_aware_test_eval\inspection_cases\real_as_spoof\frames_examples\LOCAL_REAL__p14_samsung_normal_t02.mp4_score_0.6631_frame_000.jpg | E:\PFE_AntiSpoofing_v2\reports\mixed_casia_axon_local_msu_motion_aware_test_eval\inspection_cases\real_as_spoof\frames_examples\LOCAL_REAL__p14_samsung_normal_t02.mp4_score_0.6631_frame_008.jpg | E:\PFE_AntiSpoofing_v2\reports\mixed_casia_axon_local_msu_motion_aware_test_eval\inspection_cases\real_as_spoof\frames_examples\LOCAL_REAL__p14_samsung_normal_t02.mp4_score_0.6631_frame_015.jpg,REAL -> SPOOF,0.964117867012968,-1.094440756432702,1.227959822407241,0.478853271279455,-0.6011734692919256,-0.4725509370247542,-0.1778908942352699,-0.266774088012643,0.0
LOCAL_REAL__p14_samsung_normal_t01.mp4,unknown,REAL,SPOOF,0,1,0.6525828242301941,unknown,unknown,unknown,unknown,unknown,unknown,16,E:\PFE_AntiSpoofing_v2\reports\mixed_casia_axon_local_msu_motion_aware_test_eval\inspection_cases\real_as_spoof\frames_examples\LOCAL_REAL__p14_samsung_normal_t01.mp4_score_0.6526_frame_000.jpg | E:\PFE_AntiSpoofing_v2\reports\mixed_casia_axon_local_msu_motion_aware_test_eval\inspection_cases\real_as_spoof\frames_examples\LOCAL_REAL__p14_samsung_normal_t01.mp4_score_0.6526_frame_008.jpg | E:\PFE_AntiSpoofing_v2\reports\mixed_casia_axon_local_msu_motion_aware_test_eval\inspection_cases\real_as_spoof\frames_examples\LOCAL_REAL__p14_samsung_normal_t01.mp4_score_0.6526_frame_015.jpg,REAL -> SPOOF,0.842847407120477,-0.5559074779578838,0.8817355743924742,0.7235199945655587,1.388918015260656,-0.0832844307638649,0.6629408268295589,0.8676335840180138,0.0
LOCAL_REAL__p15_pc_normal_t07.mp4,unknown,REAL,SPOOF,0,1,0.6259684562683105,unknown,unknown,unknown,unknown,unknown,unknown,16,E:\PFE_AntiSpoofing_v2\reports\mixed_casia_axon_local_msu_motion_aware_test_eval\inspection_cases\real_as_spoof\frames_examples\LOCAL_REAL__p15_pc_normal_t07.mp4_score_0.6260_frame_000.jpg | E:\PFE_AntiSpoofing_v2\reports\mixed_casia_axon_local_msu_motion_aware_test_eval\inspection_cases\real_as_spoof\frames_examples\LOCAL_REAL__p15_pc_normal_t07.mp4_score_0.6260_frame_008.jpg | E:\PFE_AntiSpoofing_v2\reports\mixed_casia_axon_local_msu_motion_aware_test_eval\inspection_cases\real_as_spoof\frames_examples\LOCAL_REAL__p15_pc_normal_t07.mp4_score_0.6260_frame_015.jpg,REAL -> SPOOF,1.7230933678618603,-0.8217190199745035,1.4698263722058988,1.6078088204447214,3.3790094998132374,-0.7456436393125926,-1.0513746364085743,-0.7236516529478191,0.0
LOCAL_REAL__p15_pc_normal_t03.mp4,unknown,REAL,SPOOF,0,1,0.5611135363578796,unknown,unknown,unknown,unknown,unknown,unknown,16,E:\PFE_AntiSpoofing_v2\reports\mixed_casia_axon_local_msu_motion_aware_test_eval\inspection_cases\real_as_spoof\frames_examples\LOCAL_REAL__p15_pc_normal_t03.mp4_score_0.5611_frame_000.jpg | E:\PFE_AntiSpoofing_v2\reports\mixed_casia_axon_local_msu_motion_aware_test_eval\inspection_cases\real_as_spoof\frames_examples\LOCAL_REAL__p15_pc_normal_t03.mp4_score_0.5611_frame_008.jpg | E:\PFE_AntiSpoofing_v2\reports\mixed_casia_axon_local_msu_motion_aware_test_eval\inspection_cases\real_as_spoof\frames_examples\LOCAL_REAL__p15_pc_normal_t03.mp4_score_0.5611_frame_015.jpg,REAL -> SPOOF,2.1373519385355424,-0.2017782928563916,1.4299663273751606,3.017023145229224,1.388918015260656,-0.3905712126365557,-0.7906476249539572,-0.6357739415906647,0.0
MSU_MFSD__real_client049_android_SD_scene01,unknown,REAL,SPOOF,0,1,0.5177521705627441,unknown,unknown,unknown,unknown,unknown,unknown,16,E:\PFE_AntiSpoofing_v2\reports\mixed_casia_axon_local_msu_motion_aware_test_eval\inspection_cases\real_as_spoof\frames_examples\MSU_MFSD__real_client049_android_SD_scene01_score_0.5178_frame_000.png | E:\PFE_AntiSpoofing_v2\reports\mixed_casia_axon_local_msu_motion_aware_test_eval\inspection_cases\real_as_spoof\frames_examples\MSU_MFSD__real_client049_android_SD_scene01_score_0.5178_frame_008.png | E:\PFE_AntiSpoofing_v2\reports\mixed_casia_axon_local_msu_motion_aware_test_eval\inspection_cases\real_as_spoof\frames_examples\MSU_MFSD__real_client049_android_SD_scene01_score_0.5178_frame_015.png,REAL -> SPOOF,0.9903682765835626,-1.0632628746800366,1.2132128469123484,0.5951506644717552,1.388918015260656,-1.2607789633363873,-1.17972898152567,-1.0593008973366536,0.0
